{
"inviscid": {
"Main_right": {
"stability_coordinates": {
"CL": 2.49999999999994E-001,
"CD": 1.74056922115785E-003,
"CY": 1.72284042092651E-001,
"Cl": -6.31867187631979E-002,
"Cm": -1.42121777589789E-003,
"Cn": 2.76318570543703E-004
},
"body_coordinates": {
"CX": -1.74056922115785E-003,
"CY": 1.72284042092651E-001,
"CZ": -2.49999999999994E-001,
"Cl": -6.31867187631979E-002,
"Cm": -1.42121777589789E-003,
"Cn": 2.76318570543703E-004
}
},
"Main_left": {
"stability_coordinates": {
"CL": 2.49999999999994E-001,
"CD": 1.74056922115783E-003,
"CY": -1.72284042092651E-001,
"Cl": 6.31867187631978E-002,
"Cm": -1.42121777589789E-003,
"Cn": -2.76318570543703E-004
},
"body_coordinates": {
"CX": -1.74056922115783E-003,
"CY": -1.72284042092651E-001,
"CZ": -2.49999999999994E-001,
"Cl": 6.31867187631978E-002,
"Cm": -1.42121777589789E-003,
"Cn": -2.76318570543703E-004
}
},
"MyAirplane": {
"stability_coordinates": {
"CL": 4.99999999999988E-001,
"CD": 3.48113844231568E-003,
"CY": 0.00000000000000E+000,
"Cl": -1.38777878078145E-017,
"Cm": -2.84243555179578E-003,
"Cn": 5.96311194867027E-019
},
"body_coordinates": {
"CX": -3.48113844231568E-003,
"CY": 0.00000000000000E+000,
"CZ": -4.99999999999988E-001,
"Cl": -1.38777878078145E-017,
"Cm": -2.84243555179578E-003,
"Cn": 5.96311194867027E-019
}
}
},
"viscous": {
"Main_right": {
"stability_coordinates": {
"CL": -0.00000000000000E+000,
"CD": -0.00000000000000E+000,
"CY": 0.00000000000000E+000,
"Cl": 0.00000000000000E+000,
"Cm": 0.00000000000000E+000,
"Cn": 0.00000000000000E+000
},
"body_coordinates": {
"CX": 0.00000000000000E+000,
"CY": 0.00000000000000E+000,
"CZ": 0.00000000000000E+000,
"Cl": 0.00000000000000E+000,
"Cm": 0.00000000000000E+000,
"Cn": 0.00000000000000E+000
}
},
"Main_left": {
"stability_coordinates": {
"CL": -0.00000000000000E+000,
"CD": -0.00000000000000E+000,
"CY": 0.00000000000000E+000,
"Cl": 0.00000000000000E+000,
"Cm": 0.00000000000000E+000,
"Cn": 0.00000000000000E+000
},
"body_coordinates": {
"CX": 0.00000000000000E+000,
"CY": 0.00000000000000E+000,
"CZ": 0.00000000000000E+000,
"Cl": 0.00000000000000E+000,
"Cm": 0.00000000000000E+000,
"Cn": 0.00000000000000E+000
}
},
"MyAirplane": {
"stability_coordinates": {
"CL": -0.00000000000000E+000,
"CD": -0.00000000000000E+000,
"CY": 0.00000000000000E+000,
"Cl": 0.00000000000000E+000,
"Cm": 0.00000000000000E+000,
"Cn": 0.00000000000000E+000
},
"body_coordinates": {
"CX": 0.00000000000000E+000,
"CY": 0.00000000000000E+000,
"CZ": 0.00000000000000E+000,
"Cl": 0.00000000000000E+000,
"Cm": 0.00000000000000E+000,
"Cn": 0.00000000000000E+000
}
}
},
"total": {
"Main_right": {
"stability_coordinates": {
"CL": 2.49999999999994E-001,
"CD": 1.74056922115785E-003,
"CY": 1.72284042092651E-001,
"Cl": -6.31867187631979E-002,
"Cm": -1.42121777589789E-003,
"Cn": 2.76318570543703E-004
},
"body_coordinates": {
"CX": -1.74056922115785E-003,
"CY": 1.72284042092651E-001,
"CZ": -2.49999999999994E-001,
"Cl": -6.31867187631979E-002,
"Cm": -1.42121777589789E-003,
"Cn": 2.76318570543703E-004
}
},
"Main_left": {
"stability_coordinates": {
"CL": 2.49999999999994E-001,
"CD": 1.74056922115783E-003,
"CY": -1.72284042092651E-001,
"Cl": 6.31867187631978E-002,
"Cm": -1.42121777589789E-003,
"Cn": -2.76318570543703E-004
},
"body_coordinates": {
"CX": -1.74056922115783E-003,
"CY": -1.72284042092651E-001,
"CZ": -2.49999999999994E-001,
"Cl": 6.31867187631978E-002,
"Cm": -1.42121777589789E-003,
"Cn": -2.76318570543703E-004
}
},
"MyAirplane": {
"stability_coordinates": {
"CL": 4.99999999999988E-001,
"CD": 3.48113844231568E-003,
"CY": 0.00000000000000E+000,
"Cl": -1.38777878078145E-017,
"Cm": -2.84243555179578E-003,
"Cn": 5.96311194867027E-019
},
"body_coordinates": {
"CX": -3.48113844231568E-003,
"CY": 0.00000000000000E+000,
"CZ": -4.99999999999988E-001,
"Cl": -1.38777878078145E-017,
"Cm": -2.84243555179578E-003,
"Cn": 5.96311194867027E-019
}
}
}
}
