{
"inviscid": {
"Main_right": {
"stability_coordinates": {
"CL": 2.49999999999999E-001,
"CD": 1.41953568873989E-003,
"CY": 1.64943434695404E-001,
"Cl": -6.50516639504760E-002,
"Cm": -1.38415363849369E-003,
"Cn": 2.43824504881107E-004
},
"body_coordinates": {
"CX": -1.41953568873989E-003,
"CY": 1.64943434695404E-001,
"CZ": -2.49999999999999E-001,
"Cl": -6.50516639504760E-002,
"Cm": -1.38415363849369E-003,
"Cn": 2.43824504881107E-004
}
},
"Main_left": {
"stability_coordinates": {
"CL": 2.49999999999999E-001,
"CD": 1.41953568873989E-003,
"CY": -1.64943434695404E-001,
"Cl": 6.50516639504761E-002,
"Cm": -1.38415363849369E-003,
"Cn": -2.43824504881108E-004
},
"body_coordinates": {
"CX": -1.41953568873989E-003,
"CY": -1.64943434695404E-001,
"CZ": -2.49999999999999E-001,
"Cl": 6.50516639504761E-002,
"Cm": -1.38415363849369E-003,
"Cn": -2.43824504881108E-004
}
},
"MyAirplane": {
"stability_coordinates": {
"CL": 4.99999999999999E-001,
"CD": 2.83907137747978E-003,
"CY": -2.77555756156289E-017,
"Cl": 1.38777878078145E-017,
"Cm": -2.76830727698737E-003,
"Cn": -2.71050543121376E-019
},
"body_coordinates": {
"CX": -2.83907137747978E-003,
"CY": -2.77555756156289E-017,
"CZ": -4.99999999999999E-001,
"Cl": 1.38777878078145E-017,
"Cm": -2.76830727698737E-003,
"Cn": -2.71050543121376E-019
}
}
},
"viscous": {
"Main_right": {
"stability_coordinates": {
"CL": -0.00000000000000E+000,
"CD": -0.00000000000000E+000,
"CY": 0.00000000000000E+000,
"Cl": 0.00000000000000E+000,
"Cm": 0.00000000000000E+000,
"Cn": 0.00000000000000E+000
},
"body_coordinates": {
"CX": 0.00000000000000E+000,
"CY": 0.00000000000000E+000,
"CZ": 0.00000000000000E+000,
"Cl": 0.00000000000000E+000,
"Cm": 0.00000000000000E+000,
"Cn": 0.00000000000000E+000
}
},
"Main_left": {
"stability_coordinates": {
"CL": -0.00000000000000E+000,
"CD": -0.00000000000000E+000,
"CY": 0.00000000000000E+000,
"Cl": 0.00000000000000E+000,
"Cm": 0.00000000000000E+000,
"Cn": 0.00000000000000E+000
},
"body_coordinates": {
"CX": 0.00000000000000E+000,
"CY": 0.00000000000000E+000,
"CZ": 0.00000000000000E+000,
"Cl": 0.00000000000000E+000,
"Cm": 0.00000000000000E+000,
"Cn": 0.00000000000000E+000
}
},
"MyAirplane": {
"stability_coordinates": {
"CL": -0.00000000000000E+000,
"CD": -0.00000000000000E+000,
"CY": 0.00000000000000E+000,
"Cl": 0.00000000000000E+000,
"Cm": 0.00000000000000E+000,
"Cn": 0.00000000000000E+000
},
"body_coordinates": {
"CX": 0.00000000000000E+000,
"CY": 0.00000000000000E+000,
"CZ": 0.00000000000000E+000,
"Cl": 0.00000000000000E+000,
"Cm": 0.00000000000000E+000,
"Cn": 0.00000000000000E+000
}
}
},
"total": {
"Main_right": {
"stability_coordinates": {
"CL": 2.49999999999999E-001,
"CD": 1.41953568873989E-003,
"CY": 1.64943434695404E-001,
"Cl": -6.50516639504760E-002,
"Cm": -1.38415363849369E-003,
"Cn": 2.43824504881107E-004
},
"body_coordinates": {
"CX": -1.41953568873989E-003,
"CY": 1.64943434695404E-001,
"CZ": -2.49999999999999E-001,
"Cl": -6.50516639504760E-002,
"Cm": -1.38415363849369E-003,
"Cn": 2.43824504881107E-004
}
},
"Main_left": {
"stability_coordinates": {
"CL": 2.49999999999999E-001,
"CD": 1.41953568873989E-003,
"CY": -1.64943434695404E-001,
"Cl": 6.50516639504761E-002,
"Cm": -1.38415363849369E-003,
"Cn": -2.43824504881108E-004
},
"body_coordinates": {
"CX": -1.41953568873989E-003,
"CY": -1.64943434695404E-001,
"CZ": -2.49999999999999E-001,
"Cl": 6.50516639504761E-002,
"Cm": -1.38415363849369E-003,
"Cn": -2.43824504881108E-004
}
},
"MyAirplane": {
"stability_coordinates": {
"CL": 4.99999999999999E-001,
"CD": 2.83907137747978E-003,
"CY": -2.77555756156289E-017,
"Cl": 1.38777878078145E-017,
"Cm": -2.76830727698737E-003,
"Cn": -2.71050543121376E-019
},
"body_coordinates": {
"CX": -2.83907137747978E-003,
"CY": -2.77555756156289E-017,
"CZ": -4.99999999999999E-001,
"Cl": 1.38777878078145E-017,
"Cm": -2.76830727698737E-003,
"Cn": -2.71050543121376E-019
}
}
}
}
