{
"inviscid": {
"Main_right": {
"stability_coordinates": {
"CL": 2.50000000000150E-001,
"CD": 1.22265798029461E-003,
"CY": 1.72237614158323E-001,
"Cl": -6.27350869866128E-002,
"Cm": -1.29247030324895E-003,
"Cn": 1.93800925756557E-004
},
"body_coordinates": {
"CX": -1.22265798029461E-003,
"CY": 1.72237614158323E-001,
"CZ": -2.50000000000150E-001,
"Cl": -6.27350869866128E-002,
"Cm": -1.29247030324895E-003,
"Cn": 1.93800925756557E-004
}
},
"Main_left": {
"stability_coordinates": {
"CL": 2.50000000000150E-001,
"CD": 1.22265798029461E-003,
"CY": -1.72237614158323E-001,
"Cl": 6.27350869866128E-002,
"Cm": -1.29247030324894E-003,
"Cn": -1.93800925756556E-004
},
"body_coordinates": {
"CX": -1.22265798029461E-003,
"CY": -1.72237614158323E-001,
"CZ": -2.50000000000150E-001,
"Cl": 6.27350869866128E-002,
"Cm": -1.29247030324894E-003,
"Cn": -1.93800925756556E-004
}
},
"MyAirplane": {
"stability_coordinates": {
"CL": 5.00000000000300E-001,
"CD": 2.44531596058921E-003,
"CY": 0.00000000000000E+000,
"Cl": -2.10358046771082E-017,
"Cm": -2.58494060649789E-003,
"Cn": 7.80625564189563E-019
},
"body_coordinates": {
"CX": -2.44531596058921E-003,
"CY": 0.00000000000000E+000,
"CZ": -5.00000000000300E-001,
"Cl": -2.10358046771082E-017,
"Cm": -2.58494060649789E-003,
"Cn": 7.80625564189563E-019
}
}
},
"viscous": {
"Main_right": {
"stability_coordinates": {
"CL": -0.00000000000000E+000,
"CD": -0.00000000000000E+000,
"CY": 0.00000000000000E+000,
"Cl": 0.00000000000000E+000,
"Cm": 0.00000000000000E+000,
"Cn": 0.00000000000000E+000
},
"body_coordinates": {
"CX": 0.00000000000000E+000,
"CY": 0.00000000000000E+000,
"CZ": 0.00000000000000E+000,
"Cl": 0.00000000000000E+000,
"Cm": 0.00000000000000E+000,
"Cn": 0.00000000000000E+000
}
},
"Main_left": {
"stability_coordinates": {
"CL": -0.00000000000000E+000,
"CD": -0.00000000000000E+000,
"CY": 0.00000000000000E+000,
"Cl": 0.00000000000000E+000,
"Cm": 0.00000000000000E+000,
"Cn": 0.00000000000000E+000
},
"body_coordinates": {
"CX": 0.00000000000000E+000,
"CY": 0.00000000000000E+000,
"CZ": 0.00000000000000E+000,
"Cl": 0.00000000000000E+000,
"Cm": 0.00000000000000E+000,
"Cn": 0.00000000000000E+000
}
},
"MyAirplane": {
"stability_coordinates": {
"CL": -0.00000000000000E+000,
"CD": -0.00000000000000E+000,
"CY": 0.00000000000000E+000,
"Cl": 0.00000000000000E+000,
"Cm": 0.00000000000000E+000,
"Cn": 0.00000000000000E+000
},
"body_coordinates": {
"CX": 0.00000000000000E+000,
"CY": 0.00000000000000E+000,
"CZ": 0.00000000000000E+000,
"Cl": 0.00000000000000E+000,
"Cm": 0.00000000000000E+000,
"Cn": 0.00000000000000E+000
}
}
},
"total": {
"Main_right": {
"stability_coordinates": {
"CL": 2.50000000000150E-001,
"CD": 1.22265798029461E-003,
"CY": 1.72237614158323E-001,
"Cl": -6.27350869866128E-002,
"Cm": -1.29247030324895E-003,
"Cn": 1.93800925756557E-004
},
"body_coordinates": {
"CX": -1.22265798029461E-003,
"CY": 1.72237614158323E-001,
"CZ": -2.50000000000150E-001,
"Cl": -6.27350869866128E-002,
"Cm": -1.29247030324895E-003,
"Cn": 1.93800925756557E-004
}
},
"Main_left": {
"stability_coordinates": {
"CL": 2.50000000000150E-001,
"CD": 1.22265798029461E-003,
"CY": -1.72237614158323E-001,
"Cl": 6.27350869866128E-002,
"Cm": -1.29247030324894E-003,
"Cn": -1.93800925756556E-004
},
"body_coordinates": {
"CX": -1.22265798029461E-003,
"CY": -1.72237614158323E-001,
"CZ": -2.50000000000150E-001,
"Cl": 6.27350869866128E-002,
"Cm": -1.29247030324894E-003,
"Cn": -1.93800925756556E-004
}
},
"MyAirplane": {
"stability_coordinates": {
"CL": 5.00000000000300E-001,
"CD": 2.44531596058921E-003,
"CY": 0.00000000000000E+000,
"Cl": -2.10358046771082E-017,
"Cm": -2.58494060649789E-003,
"Cn": 7.80625564189563E-019
},
"body_coordinates": {
"CX": -2.44531596058921E-003,
"CY": 0.00000000000000E+000,
"CZ": -5.00000000000300E-001,
"Cl": -2.10358046771082E-017,
"Cm": -2.58494060649789E-003,
"Cn": 7.80625564189563E-019
}
}
}
}
