{
"inviscid": {
"Main_right": {
"stability_coordinates": {
"CL": 2.50000000000001E-001,
"CD": 2.36549348992959E-003,
"CY": 1.62499153414425E-001,
"Cl": -6.39041428949870E-002,
"Cm": -1.36458519062038E-003,
"Cn": 3.89652215658030E-004
},
"body_coordinates": {
"CX": -2.36549348992959E-003,
"CY": 1.62499153414425E-001,
"CZ": -2.50000000000001E-001,
"Cl": -6.39041428949870E-002,
"Cm": -1.36458519062038E-003,
"Cn": 3.89652215658030E-004
}
},
"Main_left": {
"stability_coordinates": {
"CL": 2.50000000000001E-001,
"CD": 2.36549348992958E-003,
"CY": -1.62499153414425E-001,
"Cl": 6.39041428949870E-002,
"Cm": -1.36458519062039E-003,
"Cn": -3.89652215658031E-004
},
"body_coordinates": {
"CX": -2.36549348992958E-003,
"CY": -1.62499153414425E-001,
"CZ": -2.50000000000001E-001,
"Cl": 6.39041428949870E-002,
"Cm": -1.36458519062039E-003,
"Cn": -3.89652215658031E-004
}
},
"MyAirplane": {
"stability_coordinates": {
"CL": 5.00000000000002E-001,
"CD": 4.73098697985917E-003,
"CY": 2.77555756156289E-017,
"Cl": -1.81672858575026E-017,
"Cm": -2.72917038124077E-003,
"Cn": -9.22557484951302E-019
},
"body_coordinates": {
"CX": -4.73098697985917E-003,
"CY": 2.77555756156289E-017,
"CZ": -5.00000000000002E-001,
"Cl": -1.81672858575026E-017,
"Cm": -2.72917038124077E-003,
"Cn": -9.22557484951302E-019
}
}
},
"viscous": {
"Main_right": {
"stability_coordinates": {
"CL": -0.00000000000000E+000,
"CD": -0.00000000000000E+000,
"CY": 0.00000000000000E+000,
"Cl": 0.00000000000000E+000,
"Cm": 0.00000000000000E+000,
"Cn": 0.00000000000000E+000
},
"body_coordinates": {
"CX": 0.00000000000000E+000,
"CY": 0.00000000000000E+000,
"CZ": 0.00000000000000E+000,
"Cl": 0.00000000000000E+000,
"Cm": 0.00000000000000E+000,
"Cn": 0.00000000000000E+000
}
},
"Main_left": {
"stability_coordinates": {
"CL": -0.00000000000000E+000,
"CD": -0.00000000000000E+000,
"CY": 0.00000000000000E+000,
"Cl": 0.00000000000000E+000,
"Cm": 0.00000000000000E+000,
"Cn": 0.00000000000000E+000
},
"body_coordinates": {
"CX": 0.00000000000000E+000,
"CY": 0.00000000000000E+000,
"CZ": 0.00000000000000E+000,
"Cl": 0.00000000000000E+000,
"Cm": 0.00000000000000E+000,
"Cn": 0.00000000000000E+000
}
},
"MyAirplane": {
"stability_coordinates": {
"CL": -0.00000000000000E+000,
"CD": -0.00000000000000E+000,
"CY": 0.00000000000000E+000,
"Cl": 0.00000000000000E+000,
"Cm": 0.00000000000000E+000,
"Cn": 0.00000000000000E+000
},
"body_coordinates": {
"CX": 0.00000000000000E+000,
"CY": 0.00000000000000E+000,
"CZ": 0.00000000000000E+000,
"Cl": 0.00000000000000E+000,
"Cm": 0.00000000000000E+000,
"Cn": 0.00000000000000E+000
}
}
},
"total": {
"Main_right": {
"stability_coordinates": {
"CL": 2.50000000000001E-001,
"CD": 2.36549348992959E-003,
"CY": 1.62499153414425E-001,
"Cl": -6.39041428949870E-002,
"Cm": -1.36458519062038E-003,
"Cn": 3.89652215658030E-004
},
"body_coordinates": {
"CX": -2.36549348992959E-003,
"CY": 1.62499153414425E-001,
"CZ": -2.50000000000001E-001,
"Cl": -6.39041428949870E-002,
"Cm": -1.36458519062038E-003,
"Cn": 3.89652215658030E-004
}
},
"Main_left": {
"stability_coordinates": {
"CL": 2.50000000000001E-001,
"CD": 2.36549348992958E-003,
"CY": -1.62499153414425E-001,
"Cl": 6.39041428949870E-002,
"Cm": -1.36458519062039E-003,
"Cn": -3.89652215658031E-004
},
"body_coordinates": {
"CX": -2.36549348992958E-003,
"CY": -1.62499153414425E-001,
"CZ": -2.50000000000001E-001,
"Cl": 6.39041428949870E-002,
"Cm": -1.36458519062039E-003,
"Cn": -3.89652215658031E-004
}
},
"MyAirplane": {
"stability_coordinates": {
"CL": 5.00000000000002E-001,
"CD": 4.73098697985917E-003,
"CY": 2.77555756156289E-017,
"Cl": -1.81672858575026E-017,
"Cm": -2.72917038124077E-003,
"Cn": -9.22557484951302E-019
},
"body_coordinates": {
"CX": -4.73098697985917E-003,
"CY": 2.77555756156289E-017,
"CZ": -5.00000000000002E-001,
"Cl": -1.81672858575026E-017,
"Cm": -2.72917038124077E-003,
"Cn": -9.22557484951302E-019
}
}
}
}
