{
"inviscid": {
"Main_right": {
"stability_coordinates": {
"CL": 2.49999999999759E-001,
"CD": 1.75007734473852E-003,
"CY": 1.72359501125000E-001,
"Cl": -6.31717471439789E-002,
"Cm": -1.43073701935331E-003,
"Cn": 2.78400914316742E-004
},
"body_coordinates": {
"CX": -1.75007734473852E-003,
"CY": 1.72359501125000E-001,
"CZ": -2.49999999999759E-001,
"Cl": -6.31717471439789E-002,
"Cm": -1.43073701935331E-003,
"Cn": 2.78400914316742E-004
}
},
"Main_left": {
"stability_coordinates": {
"CL": 2.49999999999759E-001,
"CD": 1.75007734473855E-003,
"CY": -1.72359501125000E-001,
"Cl": 6.31717471439789E-002,
"Cm": -1.43073701935330E-003,
"Cn": -2.78400914316741E-004
},
"body_coordinates": {
"CX": -1.75007734473855E-003,
"CY": -1.72359501125000E-001,
"CZ": -2.49999999999759E-001,
"Cl": 6.31717471439789E-002,
"Cm": -1.43073701935330E-003,
"Cn": -2.78400914316741E-004
}
},
"MyAirplane": {
"stability_coordinates": {
"CL": 4.99999999999518E-001,
"CD": 3.50015468947707E-003,
"CY": 5.55111512312578E-017,
"Cl": 0.00000000000000E+000,
"Cm": -2.86147403870660E-003,
"Cn": 1.40946282423116E-018
},
"body_coordinates": {
"CX": -3.50015468947707E-003,
"CY": 5.55111512312578E-017,
"CZ": -4.99999999999518E-001,
"Cl": 0.00000000000000E+000,
"Cm": -2.86147403870660E-003,
"Cn": 1.40946282423116E-018
}
}
},
"viscous": {
"Main_right": {
"stability_coordinates": {
"CL": -0.00000000000000E+000,
"CD": -0.00000000000000E+000,
"CY": 0.00000000000000E+000,
"Cl": 0.00000000000000E+000,
"Cm": 0.00000000000000E+000,
"Cn": 0.00000000000000E+000
},
"body_coordinates": {
"CX": 0.00000000000000E+000,
"CY": 0.00000000000000E+000,
"CZ": 0.00000000000000E+000,
"Cl": 0.00000000000000E+000,
"Cm": 0.00000000000000E+000,
"Cn": 0.00000000000000E+000
}
},
"Main_left": {
"stability_coordinates": {
"CL": -0.00000000000000E+000,
"CD": -0.00000000000000E+000,
"CY": 0.00000000000000E+000,
"Cl": 0.00000000000000E+000,
"Cm": 0.00000000000000E+000,
"Cn": 0.00000000000000E+000
},
"body_coordinates": {
"CX": 0.00000000000000E+000,
"CY": 0.00000000000000E+000,
"CZ": 0.00000000000000E+000,
"Cl": 0.00000000000000E+000,
"Cm": 0.00000000000000E+000,
"Cn": 0.00000000000000E+000
}
},
"MyAirplane": {
"stability_coordinates": {
"CL": -0.00000000000000E+000,
"CD": -0.00000000000000E+000,
"CY": 0.00000000000000E+000,
"Cl": 0.00000000000000E+000,
"Cm": 0.00000000000000E+000,
"Cn": 0.00000000000000E+000
},
"body_coordinates": {
"CX": 0.00000000000000E+000,
"CY": 0.00000000000000E+000,
"CZ": 0.00000000000000E+000,
"Cl": 0.00000000000000E+000,
"Cm": 0.00000000000000E+000,
"Cn": 0.00000000000000E+000
}
}
},
"total": {
"Main_right": {
"stability_coordinates": {
"CL": 2.49999999999759E-001,
"CD": 1.75007734473852E-003,
"CY": 1.72359501125000E-001,
"Cl": -6.31717471439789E-002,
"Cm": -1.43073701935331E-003,
"Cn": 2.78400914316742E-004
},
"body_coordinates": {
"CX": -1.75007734473852E-003,
"CY": 1.72359501125000E-001,
"CZ": -2.49999999999759E-001,
"Cl": -6.31717471439789E-002,
"Cm": -1.43073701935331E-003,
"Cn": 2.78400914316742E-004
}
},
"Main_left": {
"stability_coordinates": {
"CL": 2.49999999999759E-001,
"CD": 1.75007734473855E-003,
"CY": -1.72359501125000E-001,
"Cl": 6.31717471439789E-002,
"Cm": -1.43073701935330E-003,
"Cn": -2.78400914316741E-004
},
"body_coordinates": {
"CX": -1.75007734473855E-003,
"CY": -1.72359501125000E-001,
"CZ": -2.49999999999759E-001,
"Cl": 6.31717471439789E-002,
"Cm": -1.43073701935330E-003,
"Cn": -2.78400914316741E-004
}
},
"MyAirplane": {
"stability_coordinates": {
"CL": 4.99999999999518E-001,
"CD": 3.50015468947707E-003,
"CY": 5.55111512312578E-017,
"Cl": 0.00000000000000E+000,
"Cm": -2.86147403870660E-003,
"Cn": 1.40946282423116E-018
},
"body_coordinates": {
"CX": -3.50015468947707E-003,
"CY": 5.55111512312578E-017,
"CZ": -4.99999999999518E-001,
"Cl": 0.00000000000000E+000,
"Cm": -2.86147403870660E-003,
"Cn": 1.40946282423116E-018
}
}
}
}
