{
"inviscid": {
"Main_right": {
"stability_coordinates": {
"CL": 4.99999999999999E-001,
"CD": 8.90030327271875E-003,
"CY": 3.01025968091942E-001,
"Cl": -1.29939950968142E-001,
"Cm": -6.68840563422685E-003,
"Cn": 1.81749319339823E-003
},
"body_coordinates": {
"CX": -8.90030327271875E-003,
"CY": 3.01025968091942E-001,
"CZ": -4.99999999999999E-001,
"Cl": -1.29939950968142E-001,
"Cm": -6.68840563422685E-003,
"Cn": 1.81749319339823E-003
}
},
"Main_left": {
"stability_coordinates": {
"CL": 4.99999999999999E-001,
"CD": 8.90030327271871E-003,
"CY": -3.01025968091942E-001,
"Cl": 1.29939950968142E-001,
"Cm": -6.68840563422687E-003,
"Cn": -1.81749319339823E-003
},
"body_coordinates": {
"CX": -8.90030327271871E-003,
"CY": -3.01025968091942E-001,
"CZ": -4.99999999999999E-001,
"Cl": 1.29939950968142E-001,
"Cm": -6.68840563422687E-003,
"Cn": -1.81749319339823E-003
}
},
"MyAirplane": {
"stability_coordinates": {
"CL": 9.99999999999998E-001,
"CD": 1.78006065454375E-002,
"CY": 0.00000000000000E+000,
"Cl": 0.00000000000000E+000,
"Cm": -1.33768112684537E-002,
"Cn": -2.38524477946811E-018
},
"body_coordinates": {
"CX": -1.78006065454375E-002,
"CY": 0.00000000000000E+000,
"CZ": -9.99999999999998E-001,
"Cl": 0.00000000000000E+000,
"Cm": -1.33768112684537E-002,
"Cn": -2.38524477946811E-018
}
}
},
"viscous": {
"Main_right": {
"stability_coordinates": {
"CL": -0.00000000000000E+000,
"CD": -0.00000000000000E+000,
"CY": 0.00000000000000E+000,
"Cl": 0.00000000000000E+000,
"Cm": 0.00000000000000E+000,
"Cn": 0.00000000000000E+000
},
"body_coordinates": {
"CX": 0.00000000000000E+000,
"CY": 0.00000000000000E+000,
"CZ": 0.00000000000000E+000,
"Cl": 0.00000000000000E+000,
"Cm": 0.00000000000000E+000,
"Cn": 0.00000000000000E+000
}
},
"Main_left": {
"stability_coordinates": {
"CL": -0.00000000000000E+000,
"CD": -0.00000000000000E+000,
"CY": 0.00000000000000E+000,
"Cl": 0.00000000000000E+000,
"Cm": 0.00000000000000E+000,
"Cn": 0.00000000000000E+000
},
"body_coordinates": {
"CX": 0.00000000000000E+000,
"CY": 0.00000000000000E+000,
"CZ": 0.00000000000000E+000,
"Cl": 0.00000000000000E+000,
"Cm": 0.00000000000000E+000,
"Cn": 0.00000000000000E+000
}
},
"MyAirplane": {
"stability_coordinates": {
"CL": -0.00000000000000E+000,
"CD": -0.00000000000000E+000,
"CY": 0.00000000000000E+000,
"Cl": 0.00000000000000E+000,
"Cm": 0.00000000000000E+000,
"Cn": 0.00000000000000E+000
},
"body_coordinates": {
"CX": 0.00000000000000E+000,
"CY": 0.00000000000000E+000,
"CZ": 0.00000000000000E+000,
"Cl": 0.00000000000000E+000,
"Cm": 0.00000000000000E+000,
"Cn": 0.00000000000000E+000
}
}
},
"total": {
"Main_right": {
"stability_coordinates": {
"CL": 4.99999999999999E-001,
"CD": 8.90030327271875E-003,
"CY": 3.01025968091942E-001,
"Cl": -1.29939950968142E-001,
"Cm": -6.68840563422685E-003,
"Cn": 1.81749319339823E-003
},
"body_coordinates": {
"CX": -8.90030327271875E-003,
"CY": 3.01025968091942E-001,
"CZ": -4.99999999999999E-001,
"Cl": -1.29939950968142E-001,
"Cm": -6.68840563422685E-003,
"Cn": 1.81749319339823E-003
}
},
"Main_left": {
"stability_coordinates": {
"CL": 4.99999999999999E-001,
"CD": 8.90030327271871E-003,
"CY": -3.01025968091942E-001,
"Cl": 1.29939950968142E-001,
"Cm": -6.68840563422687E-003,
"Cn": -1.81749319339823E-003
},
"body_coordinates": {
"CX": -8.90030327271871E-003,
"CY": -3.01025968091942E-001,
"CZ": -4.99999999999999E-001,
"Cl": 1.29939950968142E-001,
"Cm": -6.68840563422687E-003,
"Cn": -1.81749319339823E-003
}
},
"MyAirplane": {
"stability_coordinates": {
"CL": 9.99999999999998E-001,
"CD": 1.78006065454375E-002,
"CY": 0.00000000000000E+000,
"Cl": 0.00000000000000E+000,
"Cm": -1.33768112684537E-002,
"Cn": -2.38524477946811E-018
},
"body_coordinates": {
"CX": -1.78006065454375E-002,
"CY": 0.00000000000000E+000,
"CZ": -9.99999999999998E-001,
"Cl": 0.00000000000000E+000,
"Cm": -1.33768112684537E-002,
"Cn": -2.38524477946811E-018
}
}
}
}
