{
"inviscid": {
"Main_right": {
"stability_coordinates": {
"CL": 2.49999999999968E-001,
"CD": 4.79766243379951E-003,
"CY": -1.01864892460105E-002,
"Cl": -5.30683938110165E-002,
"Cm": 1.87546257262333E-004,
"Cn": 1.01714441651793E-003
},
"body_coordinates": {
"CX": -4.79766243379951E-003,
"CY": -1.01864892460105E-002,
"CZ": -2.49999999999968E-001,
"Cl": -5.30683938110165E-002,
"Cm": 1.87546257262333E-004,
"Cn": 1.01714441651793E-003
}
},
"Main_left": {
"stability_coordinates": {
"CL": 2.49999999999968E-001,
"CD": 4.79766243379951E-003,
"CY": 1.01864892460105E-002,
"Cl": 5.30683938110165E-002,
"Cm": 1.87546257262333E-004,
"Cn": -1.01714441651793E-003
},
"body_coordinates": {
"CX": -4.79766243379951E-003,
"CY": 1.01864892460105E-002,
"CZ": -2.49999999999968E-001,
"Cl": 5.30683938110165E-002,
"Cm": 1.87546257262333E-004,
"Cn": -1.01714441651793E-003
}
},
"MyAirplane": {
"stability_coordinates": {
"CL": 4.99999999999936E-001,
"CD": 9.59532486759902E-003,
"CY": 0.00000000000000E+000,
"Cl": 0.00000000000000E+000,
"Cm": 3.75092514524666E-004,
"Cn": 0.00000000000000E+000
},
"body_coordinates": {
"CX": -9.59532486759902E-003,
"CY": 0.00000000000000E+000,
"CZ": -4.99999999999936E-001,
"Cl": 0.00000000000000E+000,
"Cm": 3.75092514524666E-004,
"Cn": 0.00000000000000E+000
}
}
},
"viscous": {
"Main_right": {
"stability_coordinates": {
"CL": -0.00000000000000E+000,
"CD": -0.00000000000000E+000,
"CY": 0.00000000000000E+000,
"Cl": 0.00000000000000E+000,
"Cm": 0.00000000000000E+000,
"Cn": 0.00000000000000E+000
},
"body_coordinates": {
"CX": 0.00000000000000E+000,
"CY": 0.00000000000000E+000,
"CZ": 0.00000000000000E+000,
"Cl": 0.00000000000000E+000,
"Cm": 0.00000000000000E+000,
"Cn": 0.00000000000000E+000
}
},
"Main_left": {
"stability_coordinates": {
"CL": -0.00000000000000E+000,
"CD": -0.00000000000000E+000,
"CY": 0.00000000000000E+000,
"Cl": 0.00000000000000E+000,
"Cm": 0.00000000000000E+000,
"Cn": 0.00000000000000E+000
},
"body_coordinates": {
"CX": 0.00000000000000E+000,
"CY": 0.00000000000000E+000,
"CZ": 0.00000000000000E+000,
"Cl": 0.00000000000000E+000,
"Cm": 0.00000000000000E+000,
"Cn": 0.00000000000000E+000
}
},
"MyAirplane": {
"stability_coordinates": {
"CL": -0.00000000000000E+000,
"CD": -0.00000000000000E+000,
"CY": 0.00000000000000E+000,
"Cl": 0.00000000000000E+000,
"Cm": 0.00000000000000E+000,
"Cn": 0.00000000000000E+000
},
"body_coordinates": {
"CX": 0.00000000000000E+000,
"CY": 0.00000000000000E+000,
"CZ": 0.00000000000000E+000,
"Cl": 0.00000000000000E+000,
"Cm": 0.00000000000000E+000,
"Cn": 0.00000000000000E+000
}
}
},
"total": {
"Main_right": {
"stability_coordinates": {
"CL": 2.49999999999968E-001,
"CD": 4.79766243379951E-003,
"CY": -1.01864892460105E-002,
"Cl": -5.30683938110165E-002,
"Cm": 1.87546257262333E-004,
"Cn": 1.01714441651793E-003
},
"body_coordinates": {
"CX": -4.79766243379951E-003,
"CY": -1.01864892460105E-002,
"CZ": -2.49999999999968E-001,
"Cl": -5.30683938110165E-002,
"Cm": 1.87546257262333E-004,
"Cn": 1.01714441651793E-003
}
},
"Main_left": {
"stability_coordinates": {
"CL": 2.49999999999968E-001,
"CD": 4.79766243379951E-003,
"CY": 1.01864892460105E-002,
"Cl": 5.30683938110165E-002,
"Cm": 1.87546257262333E-004,
"Cn": -1.01714441651793E-003
},
"body_coordinates": {
"CX": -4.79766243379951E-003,
"CY": 1.01864892460105E-002,
"CZ": -2.49999999999968E-001,
"Cl": 5.30683938110165E-002,
"Cm": 1.87546257262333E-004,
"Cn": -1.01714441651793E-003
}
},
"MyAirplane": {
"stability_coordinates": {
"CL": 4.99999999999936E-001,
"CD": 9.59532486759902E-003,
"CY": 0.00000000000000E+000,
"Cl": 0.00000000000000E+000,
"Cm": 3.75092514524666E-004,
"Cn": 0.00000000000000E+000
},
"body_coordinates": {
"CX": -9.59532486759902E-003,
"CY": 0.00000000000000E+000,
"CZ": -4.99999999999936E-001,
"Cl": 0.00000000000000E+000,
"Cm": 3.75092514524666E-004,
"Cn": 0.00000000000000E+000
}
}
}
}
