{
"inviscid": {
"Main_right": {
"stability_coordinates": {
"CL": -3.31627013858747E-001,
"CD": -2.20157073881395E-001,
"CY": -3.23479871397535E-001,
"Cl": 1.27982285628302E-001,
"Cm": 2.67017049044746E-001,
"Cn": -5.72249531791714E-002
},
"body_coordinates": {
"CX": 2.20157073881395E-001,
"CY": -3.23479871397535E-001,
"CZ": 3.31627013858747E-001,
"Cl": 1.27982285628302E-001,
"Cm": 2.67017049044746E-001,
"Cn": -5.72249531791714E-002
}
},
"Main_left": {
"stability_coordinates": {
"CL": 1.17904977624502E-001,
"CD": 1.75486743413030E-001,
"CY": -3.59826850912301E-002,
"Cl": 2.58905461490098E-002,
"Cm": -1.83049769680704E-001,
"Cn": -4.04285214457122E-002
},
"body_coordinates": {
"CX": -1.75486743413030E-001,
"CY": -3.59826850912301E-002,
"CZ": -1.17904977624502E-001,
"Cl": 2.58905461490098E-002,
"Cm": -1.83049769680704E-001,
"Cn": -4.04285214457122E-002
}
},
"MyAirplane": {
"stability_coordinates": {
"CL": -2.13722036234244E-001,
"CD": -4.46703304683652E-002,
"CY": -3.59462556488765E-001,
"Cl": 1.53872831777312E-001,
"Cm": 8.39672793640413E-002,
"Cn": -9.76534746248836E-002
},
"body_coordinates": {
"CX": 4.46703304683652E-002,
"CY": -3.59462556488765E-001,
"CZ": 2.13722036234244E-001,
"Cl": 1.53872831777312E-001,
"Cm": 8.39672793640413E-002,
"Cn": -9.76534746248836E-002
}
}
},
"viscous": {
"Main_right": {
"stability_coordinates": {
"CL": -0.00000000000000E+000,
"CD": -0.00000000000000E+000,
"CY": 0.00000000000000E+000,
"Cl": 0.00000000000000E+000,
"Cm": 0.00000000000000E+000,
"Cn": 0.00000000000000E+000
},
"body_coordinates": {
"CX": 0.00000000000000E+000,
"CY": 0.00000000000000E+000,
"CZ": 0.00000000000000E+000,
"Cl": 0.00000000000000E+000,
"Cm": 0.00000000000000E+000,
"Cn": 0.00000000000000E+000
}
},
"Main_left": {
"stability_coordinates": {
"CL": -0.00000000000000E+000,
"CD": -0.00000000000000E+000,
"CY": 0.00000000000000E+000,
"Cl": 0.00000000000000E+000,
"Cm": 0.00000000000000E+000,
"Cn": 0.00000000000000E+000
},
"body_coordinates": {
"CX": 0.00000000000000E+000,
"CY": 0.00000000000000E+000,
"CZ": 0.00000000000000E+000,
"Cl": 0.00000000000000E+000,
"Cm": 0.00000000000000E+000,
"Cn": 0.00000000000000E+000
}
},
"MyAirplane": {
"stability_coordinates": {
"CL": -0.00000000000000E+000,
"CD": -0.00000000000000E+000,
"CY": 0.00000000000000E+000,
"Cl": 0.00000000000000E+000,
"Cm": 0.00000000000000E+000,
"Cn": 0.00000000000000E+000
},
"body_coordinates": {
"CX": 0.00000000000000E+000,
"CY": 0.00000000000000E+000,
"CZ": 0.00000000000000E+000,
"Cl": 0.00000000000000E+000,
"Cm": 0.00000000000000E+000,
"Cn": 0.00000000000000E+000
}
}
},
"total": {
"Main_right": {
"stability_coordinates": {
"CL": -3.31627013858747E-001,
"CD": -2.20157073881395E-001,
"CY": -3.23479871397535E-001,
"Cl": 1.27982285628302E-001,
"Cm": 2.67017049044746E-001,
"Cn": -5.72249531791714E-002
},
"body_coordinates": {
"CX": 2.20157073881395E-001,
"CY": -3.23479871397535E-001,
"CZ": 3.31627013858747E-001,
"Cl": 1.27982285628302E-001,
"Cm": 2.67017049044746E-001,
"Cn": -5.72249531791714E-002
}
},
"Main_left": {
"stability_coordinates": {
"CL": 1.17904977624502E-001,
"CD": 1.75486743413030E-001,
"CY": -3.59826850912301E-002,
"Cl": 2.58905461490098E-002,
"Cm": -1.83049769680704E-001,
"Cn": -4.04285214457122E-002
},
"body_coordinates": {
"CX": -1.75486743413030E-001,
"CY": -3.59826850912301E-002,
"CZ": -1.17904977624502E-001,
"Cl": 2.58905461490098E-002,
"Cm": -1.83049769680704E-001,
"Cn": -4.04285214457122E-002
}
},
"MyAirplane": {
"stability_coordinates": {
"CL": -2.13722036234244E-001,
"CD": -4.46703304683652E-002,
"CY": -3.59462556488765E-001,
"Cl": 1.53872831777312E-001,
"Cm": 8.39672793640413E-002,
"Cn": -9.76534746248836E-002
},
"body_coordinates": {
"CX": 4.46703304683652E-002,
"CY": -3.59462556488765E-001,
"CZ": 2.13722036234244E-001,
"Cl": 1.53872831777312E-001,
"Cm": 8.39672793640413E-002,
"Cn": -9.76534746248836E-002
}
}
}
}
