{
"inviscid": {
"Main_right": {
"stability_coordinates": {
"CL": 2.49999999999667E-001,
"CD": 4.82268666848450E-003,
"CY": -1.02962544924957E-002,
"Cl": -5.30680969936133E-002,
"Cm": 1.79198510584053E-004,
"Cn": 1.02244118262402E-003
},
"body_coordinates": {
"CX": -4.82268666848450E-003,
"CY": -1.02962544924957E-002,
"CZ": -2.49999999999667E-001,
"Cl": -5.30680969936133E-002,
"Cm": 1.79198510584053E-004,
"Cn": 1.02244118262402E-003
}
},
"Main_left": {
"stability_coordinates": {
"CL": 2.49999999999667E-001,
"CD": 4.82268666848452E-003,
"CY": 1.02962544924957E-002,
"Cl": 5.30680969936134E-002,
"Cm": 1.79198510584053E-004,
"Cn": -1.02244118262403E-003
},
"body_coordinates": {
"CX": -4.82268666848452E-003,
"CY": 1.02962544924957E-002,
"CZ": -2.49999999999667E-001,
"Cl": 5.30680969936134E-002,
"Cm": 1.79198510584053E-004,
"Cn": -1.02244118262403E-003
}
},
"MyAirplane": {
"stability_coordinates": {
"CL": 4.99999999999335E-001,
"CD": 9.64537333696902E-003,
"CY": 1.73472347597681E-018,
"Cl": 6.93889390390723E-018,
"Cm": 3.58397021168106E-004,
"Cn": -1.73472347597681E-018
},
"body_coordinates": {
"CX": -9.64537333696902E-003,
"CY": 1.73472347597681E-018,
"CZ": -4.99999999999335E-001,
"Cl": 6.93889390390723E-018,
"Cm": 3.58397021168106E-004,
"Cn": -1.73472347597681E-018
}
}
},
"viscous": {
"Main_right": {
"stability_coordinates": {
"CL": -0.00000000000000E+000,
"CD": -0.00000000000000E+000,
"CY": 0.00000000000000E+000,
"Cl": 0.00000000000000E+000,
"Cm": 0.00000000000000E+000,
"Cn": 0.00000000000000E+000
},
"body_coordinates": {
"CX": 0.00000000000000E+000,
"CY": 0.00000000000000E+000,
"CZ": 0.00000000000000E+000,
"Cl": 0.00000000000000E+000,
"Cm": 0.00000000000000E+000,
"Cn": 0.00000000000000E+000
}
},
"Main_left": {
"stability_coordinates": {
"CL": -0.00000000000000E+000,
"CD": -0.00000000000000E+000,
"CY": 0.00000000000000E+000,
"Cl": 0.00000000000000E+000,
"Cm": 0.00000000000000E+000,
"Cn": 0.00000000000000E+000
},
"body_coordinates": {
"CX": 0.00000000000000E+000,
"CY": 0.00000000000000E+000,
"CZ": 0.00000000000000E+000,
"Cl": 0.00000000000000E+000,
"Cm": 0.00000000000000E+000,
"Cn": 0.00000000000000E+000
}
},
"MyAirplane": {
"stability_coordinates": {
"CL": -0.00000000000000E+000,
"CD": -0.00000000000000E+000,
"CY": 0.00000000000000E+000,
"Cl": 0.00000000000000E+000,
"Cm": 0.00000000000000E+000,
"Cn": 0.00000000000000E+000
},
"body_coordinates": {
"CX": 0.00000000000000E+000,
"CY": 0.00000000000000E+000,
"CZ": 0.00000000000000E+000,
"Cl": 0.00000000000000E+000,
"Cm": 0.00000000000000E+000,
"Cn": 0.00000000000000E+000
}
}
},
"total": {
"Main_right": {
"stability_coordinates": {
"CL": 2.49999999999667E-001,
"CD": 4.82268666848450E-003,
"CY": -1.02962544924957E-002,
"Cl": -5.30680969936133E-002,
"Cm": 1.79198510584053E-004,
"Cn": 1.02244118262402E-003
},
"body_coordinates": {
"CX": -4.82268666848450E-003,
"CY": -1.02962544924957E-002,
"CZ": -2.49999999999667E-001,
"Cl": -5.30680969936133E-002,
"Cm": 1.79198510584053E-004,
"Cn": 1.02244118262402E-003
}
},
"Main_left": {
"stability_coordinates": {
"CL": 2.49999999999667E-001,
"CD": 4.82268666848452E-003,
"CY": 1.02962544924957E-002,
"Cl": 5.30680969936134E-002,
"Cm": 1.79198510584053E-004,
"Cn": -1.02244118262403E-003
},
"body_coordinates": {
"CX": -4.82268666848452E-003,
"CY": 1.02962544924957E-002,
"CZ": -2.49999999999667E-001,
"Cl": 5.30680969936134E-002,
"Cm": 1.79198510584053E-004,
"Cn": -1.02244118262403E-003
}
},
"MyAirplane": {
"stability_coordinates": {
"CL": 4.99999999999335E-001,
"CD": 9.64537333696902E-003,
"CY": 1.73472347597681E-018,
"Cl": 6.93889390390723E-018,
"Cm": 3.58397021168106E-004,
"Cn": -1.73472347597681E-018
},
"body_coordinates": {
"CX": -9.64537333696902E-003,
"CY": 1.73472347597681E-018,
"CZ": -4.99999999999335E-001,
"Cl": 6.93889390390723E-018,
"Cm": 3.58397021168106E-004,
"Cn": -1.73472347597681E-018
}
}
}
}
