{
"inviscid": {
"Main_right": {
"stability_coordinates": {
"CL": 2.49999999999988E-001,
"CD": 1.71695033568911E-003,
"CY": 1.71466181596882E-001,
"Cl": -6.32648274781197E-002,
"Cm": -1.39916718955500E-003,
"Cn": 2.73929507603938E-004
},
"body_coordinates": {
"CX": -1.71695033568911E-003,
"CY": 1.71466181596882E-001,
"CZ": -2.49999999999988E-001,
"Cl": -6.32648274781197E-002,
"Cm": -1.39916718955500E-003,
"Cn": 2.73929507603938E-004
}
},
"Main_left": {
"stability_coordinates": {
"CL": 2.49999999999988E-001,
"CD": 1.71695033568912E-003,
"CY": -1.71466181596882E-001,
"Cl": 6.32648274781197E-002,
"Cm": -1.39916718955499E-003,
"Cn": -2.73929507603939E-004
},
"body_coordinates": {
"CX": -1.71695033568912E-003,
"CY": -1.71466181596882E-001,
"CZ": -2.49999999999988E-001,
"Cl": 6.32648274781197E-002,
"Cm": -1.39916718955499E-003,
"Cn": -2.73929507603939E-004
}
},
"MyAirplane": {
"stability_coordinates": {
"CL": 4.99999999999977E-001,
"CD": 3.43390067137824E-003,
"CY": 0.00000000000000E+000,
"Cl": 1.38777878078145E-017,
"Cm": -2.79833437910999E-003,
"Cn": -2.71050543121376E-019
},
"body_coordinates": {
"CX": -3.43390067137824E-003,
"CY": 0.00000000000000E+000,
"CZ": -4.99999999999977E-001,
"Cl": 1.38777878078145E-017,
"Cm": -2.79833437910999E-003,
"Cn": -2.71050543121376E-019
}
}
},
"viscous": {
"Main_right": {
"stability_coordinates": {
"CL": -0.00000000000000E+000,
"CD": -0.00000000000000E+000,
"CY": 0.00000000000000E+000,
"Cl": 0.00000000000000E+000,
"Cm": 0.00000000000000E+000,
"Cn": 0.00000000000000E+000
},
"body_coordinates": {
"CX": 0.00000000000000E+000,
"CY": 0.00000000000000E+000,
"CZ": 0.00000000000000E+000,
"Cl": 0.00000000000000E+000,
"Cm": 0.00000000000000E+000,
"Cn": 0.00000000000000E+000
}
},
"Main_left": {
"stability_coordinates": {
"CL": -0.00000000000000E+000,
"CD": -0.00000000000000E+000,
"CY": 0.00000000000000E+000,
"Cl": 0.00000000000000E+000,
"Cm": 0.00000000000000E+000,
"Cn": 0.00000000000000E+000
},
"body_coordinates": {
"CX": 0.00000000000000E+000,
"CY": 0.00000000000000E+000,
"CZ": 0.00000000000000E+000,
"Cl": 0.00000000000000E+000,
"Cm": 0.00000000000000E+000,
"Cn": 0.00000000000000E+000
}
},
"MyAirplane": {
"stability_coordinates": {
"CL": -0.00000000000000E+000,
"CD": -0.00000000000000E+000,
"CY": 0.00000000000000E+000,
"Cl": 0.00000000000000E+000,
"Cm": 0.00000000000000E+000,
"Cn": 0.00000000000000E+000
},
"body_coordinates": {
"CX": 0.00000000000000E+000,
"CY": 0.00000000000000E+000,
"CZ": 0.00000000000000E+000,
"Cl": 0.00000000000000E+000,
"Cm": 0.00000000000000E+000,
"Cn": 0.00000000000000E+000
}
}
},
"total": {
"Main_right": {
"stability_coordinates": {
"CL": 2.49999999999988E-001,
"CD": 1.71695033568911E-003,
"CY": 1.71466181596882E-001,
"Cl": -6.32648274781197E-002,
"Cm": -1.39916718955500E-003,
"Cn": 2.73929507603938E-004
},
"body_coordinates": {
"CX": -1.71695033568911E-003,
"CY": 1.71466181596882E-001,
"CZ": -2.49999999999988E-001,
"Cl": -6.32648274781197E-002,
"Cm": -1.39916718955500E-003,
"Cn": 2.73929507603938E-004
}
},
"Main_left": {
"stability_coordinates": {
"CL": 2.49999999999988E-001,
"CD": 1.71695033568912E-003,
"CY": -1.71466181596882E-001,
"Cl": 6.32648274781197E-002,
"Cm": -1.39916718955499E-003,
"Cn": -2.73929507603939E-004
},
"body_coordinates": {
"CX": -1.71695033568912E-003,
"CY": -1.71466181596882E-001,
"CZ": -2.49999999999988E-001,
"Cl": 6.32648274781197E-002,
"Cm": -1.39916718955499E-003,
"Cn": -2.73929507603939E-004
}
},
"MyAirplane": {
"stability_coordinates": {
"CL": 4.99999999999977E-001,
"CD": 3.43390067137824E-003,
"CY": 0.00000000000000E+000,
"Cl": 1.38777878078145E-017,
"Cm": -2.79833437910999E-003,
"Cn": -2.71050543121376E-019
},
"body_coordinates": {
"CX": -3.43390067137824E-003,
"CY": 0.00000000000000E+000,
"CZ": -4.99999999999977E-001,
"Cl": 1.38777878078145E-017,
"Cm": -2.79833437910999E-003,
"Cn": -2.71050543121376E-019
}
}
}
}
