{
"inviscid": {
"Main_right": {
"stability_coordinates": {
"CL": 2.49999999999999E-001,
"CD": 1.70544433462392E-003,
"CY": 1.69181796295937E-001,
"Cl": -6.33035511148501E-002,
"Cm": -1.36616198912853E-003,
"Cn": 2.75452881560744E-004
},
"body_coordinates": {
"CX": -1.70544433462392E-003,
"CY": 1.69181796295937E-001,
"CZ": -2.49999999999999E-001,
"Cl": -6.33035511148501E-002,
"Cm": -1.36616198912853E-003,
"Cn": 2.75452881560744E-004
}
},
"Main_left": {
"stability_coordinates": {
"CL": 2.49999999999999E-001,
"CD": 1.70544433462389E-003,
"CY": -1.69181796295937E-001,
"Cl": 6.33035511148501E-002,
"Cm": -1.36616198912853E-003,
"Cn": -2.75452881560743E-004
},
"body_coordinates": {
"CX": -1.70544433462389E-003,
"CY": -1.69181796295937E-001,
"CZ": -2.49999999999999E-001,
"Cl": 6.33035511148501E-002,
"Cm": -1.36616198912853E-003,
"Cn": -2.75452881560743E-004
}
},
"MyAirplane": {
"stability_coordinates": {
"CL": 4.99999999999998E-001,
"CD": 3.41088866924781E-003,
"CY": 0.00000000000000E+000,
"Cl": 0.00000000000000E+000,
"Cm": -2.73232397825706E-003,
"Cn": 5.42101086242752E-019
},
"body_coordinates": {
"CX": -3.41088866924781E-003,
"CY": 0.00000000000000E+000,
"CZ": -4.99999999999998E-001,
"Cl": 0.00000000000000E+000,
"Cm": -2.73232397825706E-003,
"Cn": 5.42101086242752E-019
}
}
},
"viscous": {
"Main_right": {
"stability_coordinates": {
"CL": -0.00000000000000E+000,
"CD": -0.00000000000000E+000,
"CY": 0.00000000000000E+000,
"Cl": 0.00000000000000E+000,
"Cm": 0.00000000000000E+000,
"Cn": 0.00000000000000E+000
},
"body_coordinates": {
"CX": 0.00000000000000E+000,
"CY": 0.00000000000000E+000,
"CZ": 0.00000000000000E+000,
"Cl": 0.00000000000000E+000,
"Cm": 0.00000000000000E+000,
"Cn": 0.00000000000000E+000
}
},
"Main_left": {
"stability_coordinates": {
"CL": -0.00000000000000E+000,
"CD": -0.00000000000000E+000,
"CY": 0.00000000000000E+000,
"Cl": 0.00000000000000E+000,
"Cm": 0.00000000000000E+000,
"Cn": 0.00000000000000E+000
},
"body_coordinates": {
"CX": 0.00000000000000E+000,
"CY": 0.00000000000000E+000,
"CZ": 0.00000000000000E+000,
"Cl": 0.00000000000000E+000,
"Cm": 0.00000000000000E+000,
"Cn": 0.00000000000000E+000
}
},
"MyAirplane": {
"stability_coordinates": {
"CL": -0.00000000000000E+000,
"CD": -0.00000000000000E+000,
"CY": 0.00000000000000E+000,
"Cl": 0.00000000000000E+000,
"Cm": 0.00000000000000E+000,
"Cn": 0.00000000000000E+000
},
"body_coordinates": {
"CX": 0.00000000000000E+000,
"CY": 0.00000000000000E+000,
"CZ": 0.00000000000000E+000,
"Cl": 0.00000000000000E+000,
"Cm": 0.00000000000000E+000,
"Cn": 0.00000000000000E+000
}
}
},
"total": {
"Main_right": {
"stability_coordinates": {
"CL": 2.49999999999999E-001,
"CD": 1.70544433462392E-003,
"CY": 1.69181796295937E-001,
"Cl": -6.33035511148501E-002,
"Cm": -1.36616198912853E-003,
"Cn": 2.75452881560744E-004
},
"body_coordinates": {
"CX": -1.70544433462392E-003,
"CY": 1.69181796295937E-001,
"CZ": -2.49999999999999E-001,
"Cl": -6.33035511148501E-002,
"Cm": -1.36616198912853E-003,
"Cn": 2.75452881560744E-004
}
},
"Main_left": {
"stability_coordinates": {
"CL": 2.49999999999999E-001,
"CD": 1.70544433462389E-003,
"CY": -1.69181796295937E-001,
"Cl": 6.33035511148501E-002,
"Cm": -1.36616198912853E-003,
"Cn": -2.75452881560743E-004
},
"body_coordinates": {
"CX": -1.70544433462389E-003,
"CY": -1.69181796295937E-001,
"CZ": -2.49999999999999E-001,
"Cl": 6.33035511148501E-002,
"Cm": -1.36616198912853E-003,
"Cn": -2.75452881560743E-004
}
},
"MyAirplane": {
"stability_coordinates": {
"CL": 4.99999999999998E-001,
"CD": 3.41088866924781E-003,
"CY": 0.00000000000000E+000,
"Cl": 0.00000000000000E+000,
"Cm": -2.73232397825706E-003,
"Cn": 5.42101086242752E-019
},
"body_coordinates": {
"CX": -3.41088866924781E-003,
"CY": 0.00000000000000E+000,
"CZ": -4.99999999999998E-001,
"Cl": 0.00000000000000E+000,
"Cm": -2.73232397825706E-003,
"Cn": 5.42101086242752E-019
}
}
}
}
