{
"inviscid": {
"Main_right": {
"stability_coordinates": {
"CL": 2.49999999999933E-001,
"CD": 8.09500590711215E-004,
"CY": 1.75350408613040E-001,
"Cl": -6.22852199065385E-002,
"Cm": -1.22657492021464E-003,
"Cn": 1.27379475904852E-004
},
"body_coordinates": {
"CX": -8.09500590711215E-004,
"CY": 1.75350408613040E-001,
"CZ": -2.49999999999933E-001,
"Cl": -6.22852199065385E-002,
"Cm": -1.22657492021464E-003,
"Cn": 1.27379475904852E-004
}
},
"Main_left": {
"stability_coordinates": {
"CL": 2.49999999999933E-001,
"CD": 8.09500590711211E-004,
"CY": -1.75350408613040E-001,
"Cl": 6.22852199065385E-002,
"Cm": -1.22657492021464E-003,
"Cn": -1.27379475904852E-004
},
"body_coordinates": {
"CX": -8.09500590711211E-004,
"CY": -1.75350408613040E-001,
"CZ": -2.49999999999933E-001,
"Cl": 6.22852199065385E-002,
"Cm": -1.22657492021464E-003,
"Cn": -1.27379475904852E-004
}
},
"MyAirplane": {
"stability_coordinates": {
"CL": 4.99999999999866E-001,
"CD": 1.61900118142243E-003,
"CY": 2.77555756156289E-017,
"Cl": 7.40148683083438E-018,
"Cm": -2.45314984042929E-003,
"Cn": 1.44560289664734E-020
},
"body_coordinates": {
"CX": -1.61900118142243E-003,
"CY": 2.77555756156289E-017,
"CZ": -4.99999999999866E-001,
"Cl": 7.40148683083438E-018,
"Cm": -2.45314984042929E-003,
"Cn": 1.44560289664734E-020
}
}
},
"viscous": {
"Main_right": {
"stability_coordinates": {
"CL": -0.00000000000000E+000,
"CD": -0.00000000000000E+000,
"CY": 0.00000000000000E+000,
"Cl": 0.00000000000000E+000,
"Cm": 0.00000000000000E+000,
"Cn": 0.00000000000000E+000
},
"body_coordinates": {
"CX": 0.00000000000000E+000,
"CY": 0.00000000000000E+000,
"CZ": 0.00000000000000E+000,
"Cl": 0.00000000000000E+000,
"Cm": 0.00000000000000E+000,
"Cn": 0.00000000000000E+000
}
},
"Main_left": {
"stability_coordinates": {
"CL": -0.00000000000000E+000,
"CD": -0.00000000000000E+000,
"CY": 0.00000000000000E+000,
"Cl": 0.00000000000000E+000,
"Cm": 0.00000000000000E+000,
"Cn": 0.00000000000000E+000
},
"body_coordinates": {
"CX": 0.00000000000000E+000,
"CY": 0.00000000000000E+000,
"CZ": 0.00000000000000E+000,
"Cl": 0.00000000000000E+000,
"Cm": 0.00000000000000E+000,
"Cn": 0.00000000000000E+000
}
},
"MyAirplane": {
"stability_coordinates": {
"CL": -0.00000000000000E+000,
"CD": -0.00000000000000E+000,
"CY": 0.00000000000000E+000,
"Cl": 0.00000000000000E+000,
"Cm": 0.00000000000000E+000,
"Cn": 0.00000000000000E+000
},
"body_coordinates": {
"CX": 0.00000000000000E+000,
"CY": 0.00000000000000E+000,
"CZ": 0.00000000000000E+000,
"Cl": 0.00000000000000E+000,
"Cm": 0.00000000000000E+000,
"Cn": 0.00000000000000E+000
}
}
},
"total": {
"Main_right": {
"stability_coordinates": {
"CL": 2.49999999999933E-001,
"CD": 8.09500590711215E-004,
"CY": 1.75350408613040E-001,
"Cl": -6.22852199065385E-002,
"Cm": -1.22657492021464E-003,
"Cn": 1.27379475904852E-004
},
"body_coordinates": {
"CX": -8.09500590711215E-004,
"CY": 1.75350408613040E-001,
"CZ": -2.49999999999933E-001,
"Cl": -6.22852199065385E-002,
"Cm": -1.22657492021464E-003,
"Cn": 1.27379475904852E-004
}
},
"Main_left": {
"stability_coordinates": {
"CL": 2.49999999999933E-001,
"CD": 8.09500590711211E-004,
"CY": -1.75350408613040E-001,
"Cl": 6.22852199065385E-002,
"Cm": -1.22657492021464E-003,
"Cn": -1.27379475904852E-004
},
"body_coordinates": {
"CX": -8.09500590711211E-004,
"CY": -1.75350408613040E-001,
"CZ": -2.49999999999933E-001,
"Cl": 6.22852199065385E-002,
"Cm": -1.22657492021464E-003,
"Cn": -1.27379475904852E-004
}
},
"MyAirplane": {
"stability_coordinates": {
"CL": 4.99999999999866E-001,
"CD": 1.61900118142243E-003,
"CY": 2.77555756156289E-017,
"Cl": 7.40148683083438E-018,
"Cm": -2.45314984042929E-003,
"Cn": 1.44560289664734E-020
},
"body_coordinates": {
"CX": -1.61900118142243E-003,
"CY": 2.77555756156289E-017,
"CZ": -4.99999999999866E-001,
"Cl": 7.40148683083438E-018,
"Cm": -2.45314984042929E-003,
"Cn": 1.44560289664734E-020
}
}
}
}
