{
"inviscid": {
"Main_right": {
"stability_coordinates": {
"CL": 4.55808080808081E-001,
"CD": 6.78978144909368E-003,
"CY": 2.91299013703448E-001,
"Cl": -1.18409957959879E-001,
"Cm": -5.26342720653631E-003,
"Cn": 1.17143022106947E-003
},
"body_coordinates": {
"CX": -6.78978144909368E-003,
"CY": 2.91299013703448E-001,
"CZ": -4.55808080808081E-001,
"Cl": -1.18409957959879E-001,
"Cm": -5.26342720653631E-003,
"Cn": 1.17143022106947E-003
}
},
"Main_left": {
"stability_coordinates": {
"CL": 4.55808080808081E-001,
"CD": 6.78978144909370E-003,
"CY": -2.91299013703447E-001,
"Cl": 1.18409957959879E-001,
"Cm": -5.26342720653632E-003,
"Cn": -1.17143022106947E-003
},
"body_coordinates": {
"CX": -6.78978144909370E-003,
"CY": -2.91299013703447E-001,
"CZ": -4.55808080808081E-001,
"Cl": 1.18409957959879E-001,
"Cm": -5.26342720653632E-003,
"Cn": -1.17143022106947E-003
}
},
"MyAirplane": {
"stability_coordinates": {
"CL": 9.11616161616162E-001,
"CD": 1.35795628981874E-002,
"CY": 1.11022302462516E-016,
"Cl": 2.77555756156289E-017,
"Cm": -1.05268544130726E-002,
"Cn": -1.30104260698261E-018
},
"body_coordinates": {
"CX": -1.35795628981874E-002,
"CY": 1.11022302462516E-016,
"CZ": -9.11616161616162E-001,
"Cl": 2.77555756156289E-017,
"Cm": -1.05268544130726E-002,
"Cn": -1.30104260698261E-018
}
}
},
"viscous": {
"Main_right": {
"stability_coordinates": {
"CL": -0.00000000000000E+000,
"CD": -0.00000000000000E+000,
"CY": 0.00000000000000E+000,
"Cl": 0.00000000000000E+000,
"Cm": 0.00000000000000E+000,
"Cn": 0.00000000000000E+000
},
"body_coordinates": {
"CX": 0.00000000000000E+000,
"CY": 0.00000000000000E+000,
"CZ": 0.00000000000000E+000,
"Cl": 0.00000000000000E+000,
"Cm": 0.00000000000000E+000,
"Cn": 0.00000000000000E+000
}
},
"Main_left": {
"stability_coordinates": {
"CL": -0.00000000000000E+000,
"CD": -0.00000000000000E+000,
"CY": 0.00000000000000E+000,
"Cl": 0.00000000000000E+000,
"Cm": 0.00000000000000E+000,
"Cn": 0.00000000000000E+000
},
"body_coordinates": {
"CX": 0.00000000000000E+000,
"CY": 0.00000000000000E+000,
"CZ": 0.00000000000000E+000,
"Cl": 0.00000000000000E+000,
"Cm": 0.00000000000000E+000,
"Cn": 0.00000000000000E+000
}
},
"MyAirplane": {
"stability_coordinates": {
"CL": -0.00000000000000E+000,
"CD": -0.00000000000000E+000,
"CY": 0.00000000000000E+000,
"Cl": 0.00000000000000E+000,
"Cm": 0.00000000000000E+000,
"Cn": 0.00000000000000E+000
},
"body_coordinates": {
"CX": 0.00000000000000E+000,
"CY": 0.00000000000000E+000,
"CZ": 0.00000000000000E+000,
"Cl": 0.00000000000000E+000,
"Cm": 0.00000000000000E+000,
"Cn": 0.00000000000000E+000
}
}
},
"total": {
"Main_right": {
"stability_coordinates": {
"CL": 4.55808080808081E-001,
"CD": 6.78978144909368E-003,
"CY": 2.91299013703448E-001,
"Cl": -1.18409957959879E-001,
"Cm": -5.26342720653631E-003,
"Cn": 1.17143022106947E-003
},
"body_coordinates": {
"CX": -6.78978144909368E-003,
"CY": 2.91299013703448E-001,
"CZ": -4.55808080808081E-001,
"Cl": -1.18409957959879E-001,
"Cm": -5.26342720653631E-003,
"Cn": 1.17143022106947E-003
}
},
"Main_left": {
"stability_coordinates": {
"CL": 4.55808080808081E-001,
"CD": 6.78978144909370E-003,
"CY": -2.91299013703447E-001,
"Cl": 1.18409957959879E-001,
"Cm": -5.26342720653632E-003,
"Cn": -1.17143022106947E-003
},
"body_coordinates": {
"CX": -6.78978144909370E-003,
"CY": -2.91299013703447E-001,
"CZ": -4.55808080808081E-001,
"Cl": 1.18409957959879E-001,
"Cm": -5.26342720653632E-003,
"Cn": -1.17143022106947E-003
}
},
"MyAirplane": {
"stability_coordinates": {
"CL": 9.11616161616162E-001,
"CD": 1.35795628981874E-002,
"CY": 1.11022302462516E-016,
"Cl": 2.77555756156289E-017,
"Cm": -1.05268544130726E-002,
"Cn": -1.30104260698261E-018
},
"body_coordinates": {
"CX": -1.35795628981874E-002,
"CY": 1.11022302462516E-016,
"CZ": -9.11616161616162E-001,
"Cl": 2.77555756156289E-017,
"Cm": -1.05268544130726E-002,
"Cn": -1.30104260698261E-018
}
}
}
}
