{
"inviscid": {
"Main_right": {
"stability_coordinates": {
"CL": 2.50000000000030E-001,
"CD": 1.70544435237491E-003,
"CY": 1.69187629772272E-001,
"Cl": -6.33053848587521E-002,
"Cm": -1.36688045980814E-003,
"Cn": 2.75579969176701E-004
},
"body_coordinates": {
"CX": -1.70544435237491E-003,
"CY": 1.69187629772272E-001,
"CZ": -2.50000000000030E-001,
"Cl": -6.33053848587521E-002,
"Cm": -1.36688045980814E-003,
"Cn": 2.75579969176701E-004
}
},
"Main_left": {
"stability_coordinates": {
"CL": 2.50000000000030E-001,
"CD": 1.70544435237491E-003,
"CY": -1.69187629772272E-001,
"Cl": 6.33053848587520E-002,
"Cm": -1.36688045980814E-003,
"Cn": -2.75579969176701E-004
},
"body_coordinates": {
"CX": -1.70544435237491E-003,
"CY": -1.69187629772272E-001,
"CZ": -2.50000000000030E-001,
"Cl": 6.33053848587520E-002,
"Cm": -1.36688045980814E-003,
"Cn": -2.75579969176701E-004
}
},
"MyAirplane": {
"stability_coordinates": {
"CL": 5.00000000000059E-001,
"CD": 3.41088870474983E-003,
"CY": 0.00000000000000E+000,
"Cl": -1.38777878078145E-017,
"Cm": -2.73376091961628E-003,
"Cn": 7.58941520739853E-019
},
"body_coordinates": {
"CX": -3.41088870474983E-003,
"CY": 0.00000000000000E+000,
"CZ": -5.00000000000059E-001,
"Cl": -1.38777878078145E-017,
"Cm": -2.73376091961628E-003,
"Cn": 7.58941520739853E-019
}
}
},
"viscous": {
"Main_right": {
"stability_coordinates": {
"CL": -0.00000000000000E+000,
"CD": -0.00000000000000E+000,
"CY": 0.00000000000000E+000,
"Cl": 0.00000000000000E+000,
"Cm": 0.00000000000000E+000,
"Cn": 0.00000000000000E+000
},
"body_coordinates": {
"CX": 0.00000000000000E+000,
"CY": 0.00000000000000E+000,
"CZ": 0.00000000000000E+000,
"Cl": 0.00000000000000E+000,
"Cm": 0.00000000000000E+000,
"Cn": 0.00000000000000E+000
}
},
"Main_left": {
"stability_coordinates": {
"CL": -0.00000000000000E+000,
"CD": -0.00000000000000E+000,
"CY": 0.00000000000000E+000,
"Cl": 0.00000000000000E+000,
"Cm": 0.00000000000000E+000,
"Cn": 0.00000000000000E+000
},
"body_coordinates": {
"CX": 0.00000000000000E+000,
"CY": 0.00000000000000E+000,
"CZ": 0.00000000000000E+000,
"Cl": 0.00000000000000E+000,
"Cm": 0.00000000000000E+000,
"Cn": 0.00000000000000E+000
}
},
"MyAirplane": {
"stability_coordinates": {
"CL": -0.00000000000000E+000,
"CD": -0.00000000000000E+000,
"CY": 0.00000000000000E+000,
"Cl": 0.00000000000000E+000,
"Cm": 0.00000000000000E+000,
"Cn": 0.00000000000000E+000
},
"body_coordinates": {
"CX": 0.00000000000000E+000,
"CY": 0.00000000000000E+000,
"CZ": 0.00000000000000E+000,
"Cl": 0.00000000000000E+000,
"Cm": 0.00000000000000E+000,
"Cn": 0.00000000000000E+000
}
}
},
"total": {
"Main_right": {
"stability_coordinates": {
"CL": 2.50000000000030E-001,
"CD": 1.70544435237491E-003,
"CY": 1.69187629772272E-001,
"Cl": -6.33053848587521E-002,
"Cm": -1.36688045980814E-003,
"Cn": 2.75579969176701E-004
},
"body_coordinates": {
"CX": -1.70544435237491E-003,
"CY": 1.69187629772272E-001,
"CZ": -2.50000000000030E-001,
"Cl": -6.33053848587521E-002,
"Cm": -1.36688045980814E-003,
"Cn": 2.75579969176701E-004
}
},
"Main_left": {
"stability_coordinates": {
"CL": 2.50000000000030E-001,
"CD": 1.70544435237491E-003,
"CY": -1.69187629772272E-001,
"Cl": 6.33053848587520E-002,
"Cm": -1.36688045980814E-003,
"Cn": -2.75579969176701E-004
},
"body_coordinates": {
"CX": -1.70544435237491E-003,
"CY": -1.69187629772272E-001,
"CZ": -2.50000000000030E-001,
"Cl": 6.33053848587520E-002,
"Cm": -1.36688045980814E-003,
"Cn": -2.75579969176701E-004
}
},
"MyAirplane": {
"stability_coordinates": {
"CL": 5.00000000000059E-001,
"CD": 3.41088870474983E-003,
"CY": 0.00000000000000E+000,
"Cl": -1.38777878078145E-017,
"Cm": -2.73376091961628E-003,
"Cn": 7.58941520739853E-019
},
"body_coordinates": {
"CX": -3.41088870474983E-003,
"CY": 0.00000000000000E+000,
"CZ": -5.00000000000059E-001,
"Cl": -1.38777878078145E-017,
"Cm": -2.73376091961628E-003,
"Cn": 7.58941520739853E-019
}
}
}
}
