{
"inviscid": {
"Main_right": {
"stability_coordinates": {
"CL": 2.50000000000180E-001,
"CD": 4.24045719100195E-003,
"CY": 2.18605524239259E-002,
"Cl": -5.32578811671431E-002,
"Cm": -5.70289092438551E-004,
"Cn": 9.00450119989295E-004
},
"body_coordinates": {
"CX": -4.24045719100195E-003,
"CY": 2.18605524239259E-002,
"CZ": -2.50000000000180E-001,
"Cl": -5.32578811671431E-002,
"Cm": -5.70289092438551E-004,
"Cn": 9.00450119989295E-004
}
},
"Main_left": {
"stability_coordinates": {
"CL": 2.50000000000180E-001,
"CD": 4.24045719100197E-003,
"CY": -2.18605524239259E-002,
"Cl": 5.32578811671431E-002,
"Cm": -5.70289092438551E-004,
"Cn": -9.00450119989296E-004
},
"body_coordinates": {
"CX": -4.24045719100197E-003,
"CY": -2.18605524239259E-002,
"CZ": -2.50000000000180E-001,
"Cl": 5.32578811671431E-002,
"Cm": -5.70289092438551E-004,
"Cn": -9.00450119989296E-004
}
},
"MyAirplane": {
"stability_coordinates": {
"CL": 5.00000000000360E-001,
"CD": 8.48091438200392E-003,
"CY": 0.00000000000000E+000,
"Cl": -1.38777878078145E-017,
"Cm": -1.14057818487710E-003,
"Cn": -7.58941520739853E-019
},
"body_coordinates": {
"CX": -8.48091438200392E-003,
"CY": 0.00000000000000E+000,
"CZ": -5.00000000000360E-001,
"Cl": -1.38777878078145E-017,
"Cm": -1.14057818487710E-003,
"Cn": -7.58941520739853E-019
}
}
},
"viscous": {
"Main_right": {
"stability_coordinates": {
"CL": -0.00000000000000E+000,
"CD": -0.00000000000000E+000,
"CY": 0.00000000000000E+000,
"Cl": 0.00000000000000E+000,
"Cm": 0.00000000000000E+000,
"Cn": 0.00000000000000E+000
},
"body_coordinates": {
"CX": 0.00000000000000E+000,
"CY": 0.00000000000000E+000,
"CZ": 0.00000000000000E+000,
"Cl": 0.00000000000000E+000,
"Cm": 0.00000000000000E+000,
"Cn": 0.00000000000000E+000
}
},
"Main_left": {
"stability_coordinates": {
"CL": -0.00000000000000E+000,
"CD": -0.00000000000000E+000,
"CY": 0.00000000000000E+000,
"Cl": 0.00000000000000E+000,
"Cm": 0.00000000000000E+000,
"Cn": 0.00000000000000E+000
},
"body_coordinates": {
"CX": 0.00000000000000E+000,
"CY": 0.00000000000000E+000,
"CZ": 0.00000000000000E+000,
"Cl": 0.00000000000000E+000,
"Cm": 0.00000000000000E+000,
"Cn": 0.00000000000000E+000
}
},
"MyAirplane": {
"stability_coordinates": {
"CL": -0.00000000000000E+000,
"CD": -0.00000000000000E+000,
"CY": 0.00000000000000E+000,
"Cl": 0.00000000000000E+000,
"Cm": 0.00000000000000E+000,
"Cn": 0.00000000000000E+000
},
"body_coordinates": {
"CX": 0.00000000000000E+000,
"CY": 0.00000000000000E+000,
"CZ": 0.00000000000000E+000,
"Cl": 0.00000000000000E+000,
"Cm": 0.00000000000000E+000,
"Cn": 0.00000000000000E+000
}
}
},
"total": {
"Main_right": {
"stability_coordinates": {
"CL": 2.50000000000180E-001,
"CD": 4.24045719100195E-003,
"CY": 2.18605524239259E-002,
"Cl": -5.32578811671431E-002,
"Cm": -5.70289092438551E-004,
"Cn": 9.00450119989295E-004
},
"body_coordinates": {
"CX": -4.24045719100195E-003,
"CY": 2.18605524239259E-002,
"CZ": -2.50000000000180E-001,
"Cl": -5.32578811671431E-002,
"Cm": -5.70289092438551E-004,
"Cn": 9.00450119989295E-004
}
},
"Main_left": {
"stability_coordinates": {
"CL": 2.50000000000180E-001,
"CD": 4.24045719100197E-003,
"CY": -2.18605524239259E-002,
"Cl": 5.32578811671431E-002,
"Cm": -5.70289092438551E-004,
"Cn": -9.00450119989296E-004
},
"body_coordinates": {
"CX": -4.24045719100197E-003,
"CY": -2.18605524239259E-002,
"CZ": -2.50000000000180E-001,
"Cl": 5.32578811671431E-002,
"Cm": -5.70289092438551E-004,
"Cn": -9.00450119989296E-004
}
},
"MyAirplane": {
"stability_coordinates": {
"CL": 5.00000000000360E-001,
"CD": 8.48091438200392E-003,
"CY": 0.00000000000000E+000,
"Cl": -1.38777878078145E-017,
"Cm": -1.14057818487710E-003,
"Cn": -7.58941520739853E-019
},
"body_coordinates": {
"CX": -8.48091438200392E-003,
"CY": 0.00000000000000E+000,
"CZ": -5.00000000000360E-001,
"Cl": -1.38777878078145E-017,
"Cm": -1.14057818487710E-003,
"Cn": -7.58941520739853E-019
}
}
}
}
