{
"inviscid": {
"Main_right": {
"stability_coordinates": {
"CL": 2.63787093532217E-001,
"CD": 4.72281892071894E-003,
"CY": 1.97937175900436E-013,
"Cl": -6.02490261208838E-002,
"Cm": -8.11672281582612E-015,
"Cn": 1.42921225711887E-003
},
"body_coordinates": {
"CX": -4.72281892071894E-003,
"CY": 1.97937175900436E-013,
"CZ": -2.63787093532217E-001,
"Cl": -6.02490261208838E-002,
"Cm": -8.11672281582612E-015,
"Cn": 1.42921225711887E-003
}
},
"Main_left": {
"stability_coordinates": {
"CL": 2.63787093532217E-001,
"CD": 4.72281892071895E-003,
"CY": -1.97937175900435E-013,
"Cl": 6.02490261208837E-002,
"Cm": -8.11672281582613E-015,
"Cn": -1.42921225711887E-003
},
"body_coordinates": {
"CX": -4.72281892071895E-003,
"CY": -1.97937175900435E-013,
"CZ": -2.63787093532217E-001,
"Cl": 6.02490261208837E-002,
"Cm": -8.11672281582613E-015,
"Cn": -1.42921225711887E-003
}
},
"MyAirplane": {
"stability_coordinates": {
"CL": 5.27574187064435E-001,
"CD": 9.44563784143788E-003,
"CY": 2.52435489670724E-028,
"Cl": -8.32667268468867E-017,
"Cm": -1.62334456316523E-014,
"Cn": -1.30104260698261E-018
},
"body_coordinates": {
"CX": -9.44563784143788E-003,
"CY": 2.52435489670724E-028,
"CZ": -5.27574187064435E-001,
"Cl": -8.32667268468867E-017,
"Cm": -1.62334456316523E-014,
"Cn": -1.30104260698261E-018
}
}
},
"viscous": {
"Main_right": {
"stability_coordinates": {
"CL": -0.00000000000000E+000,
"CD": -0.00000000000000E+000,
"CY": 0.00000000000000E+000,
"Cl": 0.00000000000000E+000,
"Cm": 0.00000000000000E+000,
"Cn": 0.00000000000000E+000
},
"body_coordinates": {
"CX": 0.00000000000000E+000,
"CY": 0.00000000000000E+000,
"CZ": 0.00000000000000E+000,
"Cl": 0.00000000000000E+000,
"Cm": 0.00000000000000E+000,
"Cn": 0.00000000000000E+000
}
},
"Main_left": {
"stability_coordinates": {
"CL": -0.00000000000000E+000,
"CD": -0.00000000000000E+000,
"CY": 0.00000000000000E+000,
"Cl": 0.00000000000000E+000,
"Cm": 0.00000000000000E+000,
"Cn": 0.00000000000000E+000
},
"body_coordinates": {
"CX": 0.00000000000000E+000,
"CY": 0.00000000000000E+000,
"CZ": 0.00000000000000E+000,
"Cl": 0.00000000000000E+000,
"Cm": 0.00000000000000E+000,
"Cn": 0.00000000000000E+000
}
},
"MyAirplane": {
"stability_coordinates": {
"CL": -0.00000000000000E+000,
"CD": -0.00000000000000E+000,
"CY": 0.00000000000000E+000,
"Cl": 0.00000000000000E+000,
"Cm": 0.00000000000000E+000,
"Cn": 0.00000000000000E+000
},
"body_coordinates": {
"CX": 0.00000000000000E+000,
"CY": 0.00000000000000E+000,
"CZ": 0.00000000000000E+000,
"Cl": 0.00000000000000E+000,
"Cm": 0.00000000000000E+000,
"Cn": 0.00000000000000E+000
}
}
},
"total": {
"Main_right": {
"stability_coordinates": {
"CL": 2.63787093532217E-001,
"CD": 4.72281892071894E-003,
"CY": 1.97937175900436E-013,
"Cl": -6.02490261208838E-002,
"Cm": -8.11672281582612E-015,
"Cn": 1.42921225711887E-003
},
"body_coordinates": {
"CX": -4.72281892071894E-003,
"CY": 1.97937175900436E-013,
"CZ": -2.63787093532217E-001,
"Cl": -6.02490261208838E-002,
"Cm": -8.11672281582612E-015,
"Cn": 1.42921225711887E-003
}
},
"Main_left": {
"stability_coordinates": {
"CL": 2.63787093532217E-001,
"CD": 4.72281892071895E-003,
"CY": -1.97937175900435E-013,
"Cl": 6.02490261208837E-002,
"Cm": -8.11672281582613E-015,
"Cn": -1.42921225711887E-003
},
"body_coordinates": {
"CX": -4.72281892071895E-003,
"CY": -1.97937175900435E-013,
"CZ": -2.63787093532217E-001,
"Cl": 6.02490261208837E-002,
"Cm": -8.11672281582613E-015,
"Cn": -1.42921225711887E-003
}
},
"MyAirplane": {
"stability_coordinates": {
"CL": 5.27574187064435E-001,
"CD": 9.44563784143788E-003,
"CY": 2.52435489670724E-028,
"Cl": -8.32667268468867E-017,
"Cm": -1.62334456316523E-014,
"Cn": -1.30104260698261E-018
},
"body_coordinates": {
"CX": -9.44563784143788E-003,
"CY": 2.52435489670724E-028,
"CZ": -5.27574187064435E-001,
"Cl": -8.32667268468867E-017,
"Cm": -1.62334456316523E-014,
"Cn": -1.30104260698261E-018
}
}
}
}
