{
"inviscid": {
"Main_right": {
"stability_coordinates": {
"CL": 2.50000000000000E-001,
"CD": 1.72295294276327E-003,
"CY": 1.71862894062293E-001,
"Cl": -6.32365410960007E-002,
"Cm": -1.40566890205016E-003,
"Cn": 2.74094601041057E-004
},
"body_coordinates": {
"CX": -1.72295294276327E-003,
"CY": 1.71862894062293E-001,
"CZ": -2.50000000000000E-001,
"Cl": -6.32365410960007E-002,
"Cm": -1.40566890205016E-003,
"Cn": 2.74094601041057E-004
}
},
"Main_left": {
"stability_coordinates": {
"CL": 2.50000000000000E-001,
"CD": 1.72295294276329E-003,
"CY": -1.71862894062293E-001,
"Cl": 6.32365410960007E-002,
"Cm": -1.40566890205017E-003,
"Cn": -2.74094601041058E-004
},
"body_coordinates": {
"CX": -1.72295294276329E-003,
"CY": -1.71862894062293E-001,
"CZ": -2.50000000000000E-001,
"Cl": 6.32365410960007E-002,
"Cm": -1.40566890205017E-003,
"Cn": -2.74094601041058E-004
}
},
"MyAirplane": {
"stability_coordinates": {
"CL": 5.00000000000000E-001,
"CD": 3.44590588552656E-003,
"CY": 0.00000000000000E+000,
"Cl": 1.38777878078145E-017,
"Cm": -2.81133780410033E-003,
"Cn": -1.19262238973405E-018
},
"body_coordinates": {
"CX": -3.44590588552656E-003,
"CY": 0.00000000000000E+000,
"CZ": -5.00000000000000E-001,
"Cl": 1.38777878078145E-017,
"Cm": -2.81133780410033E-003,
"Cn": -1.19262238973405E-018
}
}
},
"viscous": {
"Main_right": {
"stability_coordinates": {
"CL": -0.00000000000000E+000,
"CD": -0.00000000000000E+000,
"CY": 0.00000000000000E+000,
"Cl": 0.00000000000000E+000,
"Cm": 0.00000000000000E+000,
"Cn": 0.00000000000000E+000
},
"body_coordinates": {
"CX": 0.00000000000000E+000,
"CY": 0.00000000000000E+000,
"CZ": 0.00000000000000E+000,
"Cl": 0.00000000000000E+000,
"Cm": 0.00000000000000E+000,
"Cn": 0.00000000000000E+000
}
},
"Main_left": {
"stability_coordinates": {
"CL": -0.00000000000000E+000,
"CD": -0.00000000000000E+000,
"CY": 0.00000000000000E+000,
"Cl": 0.00000000000000E+000,
"Cm": 0.00000000000000E+000,
"Cn": 0.00000000000000E+000
},
"body_coordinates": {
"CX": 0.00000000000000E+000,
"CY": 0.00000000000000E+000,
"CZ": 0.00000000000000E+000,
"Cl": 0.00000000000000E+000,
"Cm": 0.00000000000000E+000,
"Cn": 0.00000000000000E+000
}
},
"MyAirplane": {
"stability_coordinates": {
"CL": -0.00000000000000E+000,
"CD": -0.00000000000000E+000,
"CY": 0.00000000000000E+000,
"Cl": 0.00000000000000E+000,
"Cm": 0.00000000000000E+000,
"Cn": 0.00000000000000E+000
},
"body_coordinates": {
"CX": 0.00000000000000E+000,
"CY": 0.00000000000000E+000,
"CZ": 0.00000000000000E+000,
"Cl": 0.00000000000000E+000,
"Cm": 0.00000000000000E+000,
"Cn": 0.00000000000000E+000
}
}
},
"total": {
"Main_right": {
"stability_coordinates": {
"CL": 2.50000000000000E-001,
"CD": 1.72295294276327E-003,
"CY": 1.71862894062293E-001,
"Cl": -6.32365410960007E-002,
"Cm": -1.40566890205016E-003,
"Cn": 2.74094601041057E-004
},
"body_coordinates": {
"CX": -1.72295294276327E-003,
"CY": 1.71862894062293E-001,
"CZ": -2.50000000000000E-001,
"Cl": -6.32365410960007E-002,
"Cm": -1.40566890205016E-003,
"Cn": 2.74094601041057E-004
}
},
"Main_left": {
"stability_coordinates": {
"CL": 2.50000000000000E-001,
"CD": 1.72295294276329E-003,
"CY": -1.71862894062293E-001,
"Cl": 6.32365410960007E-002,
"Cm": -1.40566890205017E-003,
"Cn": -2.74094601041058E-004
},
"body_coordinates": {
"CX": -1.72295294276329E-003,
"CY": -1.71862894062293E-001,
"CZ": -2.50000000000000E-001,
"Cl": 6.32365410960007E-002,
"Cm": -1.40566890205017E-003,
"Cn": -2.74094601041058E-004
}
},
"MyAirplane": {
"stability_coordinates": {
"CL": 5.00000000000000E-001,
"CD": 3.44590588552656E-003,
"CY": 0.00000000000000E+000,
"Cl": 1.38777878078145E-017,
"Cm": -2.81133780410033E-003,
"Cn": -1.19262238973405E-018
},
"body_coordinates": {
"CX": -3.44590588552656E-003,
"CY": 0.00000000000000E+000,
"CZ": -5.00000000000000E-001,
"Cl": 1.38777878078145E-017,
"Cm": -2.81133780410033E-003,
"Cn": -1.19262238973405E-018
}
}
}
}
