{
"inviscid": {
"Main_right": {
"stability_coordinates": {
"CL": 2.50000000000024E-001,
"CD": 5.15072368806465E-003,
"CY": -6.20490551390589E-003,
"Cl": -5.74163583196738E-002,
"Cm": 8.68158583261247E-005,
"Cn": 1.47570259318259E-003
},
"body_coordinates": {
"CX": -5.15072368806465E-003,
"CY": -6.20490551390589E-003,
"CZ": -2.50000000000024E-001,
"Cl": -5.74163583196738E-002,
"Cm": 8.68158583261247E-005,
"Cn": 1.47570259318259E-003
}
},
"Main_left": {
"stability_coordinates": {
"CL": 2.50000000000024E-001,
"CD": 5.15072368806466E-003,
"CY": 6.20490551390589E-003,
"Cl": 5.74163583196738E-002,
"Cm": 8.68158583261246E-005,
"Cn": -1.47570259318259E-003
},
"body_coordinates": {
"CX": -5.15072368806466E-003,
"CY": 6.20490551390589E-003,
"CZ": -2.50000000000024E-001,
"Cl": 5.74163583196738E-002,
"Cm": 8.68158583261246E-005,
"Cn": -1.47570259318259E-003
}
},
"MyAirplane": {
"stability_coordinates": {
"CL": 5.00000000000048E-001,
"CD": 1.03014473761293E-002,
"CY": 8.67361737988404E-019,
"Cl": 0.00000000000000E+000,
"Cm": 1.73631716652249E-004,
"Cn": -4.33680868994202E-019
},
"body_coordinates": {
"CX": -1.03014473761293E-002,
"CY": 8.67361737988404E-019,
"CZ": -5.00000000000048E-001,
"Cl": 0.00000000000000E+000,
"Cm": 1.73631716652249E-004,
"Cn": -4.33680868994202E-019
}
}
},
"viscous": {
"Main_right": {
"stability_coordinates": {
"CL": -0.00000000000000E+000,
"CD": -0.00000000000000E+000,
"CY": 0.00000000000000E+000,
"Cl": 0.00000000000000E+000,
"Cm": 0.00000000000000E+000,
"Cn": 0.00000000000000E+000
},
"body_coordinates": {
"CX": 0.00000000000000E+000,
"CY": 0.00000000000000E+000,
"CZ": 0.00000000000000E+000,
"Cl": 0.00000000000000E+000,
"Cm": 0.00000000000000E+000,
"Cn": 0.00000000000000E+000
}
},
"Main_left": {
"stability_coordinates": {
"CL": -0.00000000000000E+000,
"CD": -0.00000000000000E+000,
"CY": 0.00000000000000E+000,
"Cl": 0.00000000000000E+000,
"Cm": 0.00000000000000E+000,
"Cn": 0.00000000000000E+000
},
"body_coordinates": {
"CX": 0.00000000000000E+000,
"CY": 0.00000000000000E+000,
"CZ": 0.00000000000000E+000,
"Cl": 0.00000000000000E+000,
"Cm": 0.00000000000000E+000,
"Cn": 0.00000000000000E+000
}
},
"MyAirplane": {
"stability_coordinates": {
"CL": -0.00000000000000E+000,
"CD": -0.00000000000000E+000,
"CY": 0.00000000000000E+000,
"Cl": 0.00000000000000E+000,
"Cm": 0.00000000000000E+000,
"Cn": 0.00000000000000E+000
},
"body_coordinates": {
"CX": 0.00000000000000E+000,
"CY": 0.00000000000000E+000,
"CZ": 0.00000000000000E+000,
"Cl": 0.00000000000000E+000,
"Cm": 0.00000000000000E+000,
"Cn": 0.00000000000000E+000
}
}
},
"total": {
"Main_right": {
"stability_coordinates": {
"CL": 2.50000000000024E-001,
"CD": 5.15072368806465E-003,
"CY": -6.20490551390589E-003,
"Cl": -5.74163583196738E-002,
"Cm": 8.68158583261247E-005,
"Cn": 1.47570259318259E-003
},
"body_coordinates": {
"CX": -5.15072368806465E-003,
"CY": -6.20490551390589E-003,
"CZ": -2.50000000000024E-001,
"Cl": -5.74163583196738E-002,
"Cm": 8.68158583261247E-005,
"Cn": 1.47570259318259E-003
}
},
"Main_left": {
"stability_coordinates": {
"CL": 2.50000000000024E-001,
"CD": 5.15072368806466E-003,
"CY": 6.20490551390589E-003,
"Cl": 5.74163583196738E-002,
"Cm": 8.68158583261246E-005,
"Cn": -1.47570259318259E-003
},
"body_coordinates": {
"CX": -5.15072368806466E-003,
"CY": 6.20490551390589E-003,
"CZ": -2.50000000000024E-001,
"Cl": 5.74163583196738E-002,
"Cm": 8.68158583261246E-005,
"Cn": -1.47570259318259E-003
}
},
"MyAirplane": {
"stability_coordinates": {
"CL": 5.00000000000048E-001,
"CD": 1.03014473761293E-002,
"CY": 8.67361737988404E-019,
"Cl": 0.00000000000000E+000,
"Cm": 1.73631716652249E-004,
"Cn": -4.33680868994202E-019
},
"body_coordinates": {
"CX": -1.03014473761293E-002,
"CY": 8.67361737988404E-019,
"CZ": -5.00000000000048E-001,
"Cl": 0.00000000000000E+000,
"Cm": 1.73631716652249E-004,
"Cn": -4.33680868994202E-019
}
}
}
}
