{
"inviscid": {
"Main_right": {
"stability_coordinates": {
"CL": 2.50000000000000E-001,
"CD": 1.70544783761455E-003,
"CY": 1.69210301976294E-001,
"Cl": -6.32983392531900E-002,
"Cm": -1.36377336173800E-003,
"Cn": 2.75165451269371E-004
},
"body_coordinates": {
"CX": -1.70544783761455E-003,
"CY": 1.69210301976294E-001,
"CZ": -2.50000000000000E-001,
"Cl": -6.32983392531900E-002,
"Cm": -1.36377336173800E-003,
"Cn": 2.75165451269371E-004
}
},
"Main_left": {
"stability_coordinates": {
"CL": 2.50000000000000E-001,
"CD": 1.70544783761454E-003,
"CY": -1.69210301976294E-001,
"Cl": 6.32983392531900E-002,
"Cm": -1.36377336173800E-003,
"Cn": -2.75165451269370E-004
},
"body_coordinates": {
"CX": -1.70544783761454E-003,
"CY": -1.69210301976294E-001,
"CZ": -2.50000000000000E-001,
"Cl": 6.32983392531900E-002,
"Cm": -1.36377336173800E-003,
"Cn": -2.75165451269370E-004
}
},
"MyAirplane": {
"stability_coordinates": {
"CL": 4.99999999999999E-001,
"CD": 3.41089567522909E-003,
"CY": -8.32667268468867E-017,
"Cl": -1.38777878078145E-017,
"Cm": -2.72754672347600E-003,
"Cn": 1.51788304147971E-018
},
"body_coordinates": {
"CX": -3.41089567522909E-003,
"CY": -8.32667268468867E-017,
"CZ": -4.99999999999999E-001,
"Cl": -1.38777878078145E-017,
"Cm": -2.72754672347600E-003,
"Cn": 1.51788304147971E-018
}
}
},
"viscous": {
"Main_right": {
"stability_coordinates": {
"CL": -0.00000000000000E+000,
"CD": -0.00000000000000E+000,
"CY": 0.00000000000000E+000,
"Cl": 0.00000000000000E+000,
"Cm": 0.00000000000000E+000,
"Cn": 0.00000000000000E+000
},
"body_coordinates": {
"CX": 0.00000000000000E+000,
"CY": 0.00000000000000E+000,
"CZ": 0.00000000000000E+000,
"Cl": 0.00000000000000E+000,
"Cm": 0.00000000000000E+000,
"Cn": 0.00000000000000E+000
}
},
"Main_left": {
"stability_coordinates": {
"CL": -0.00000000000000E+000,
"CD": -0.00000000000000E+000,
"CY": 0.00000000000000E+000,
"Cl": 0.00000000000000E+000,
"Cm": 0.00000000000000E+000,
"Cn": 0.00000000000000E+000
},
"body_coordinates": {
"CX": 0.00000000000000E+000,
"CY": 0.00000000000000E+000,
"CZ": 0.00000000000000E+000,
"Cl": 0.00000000000000E+000,
"Cm": 0.00000000000000E+000,
"Cn": 0.00000000000000E+000
}
},
"MyAirplane": {
"stability_coordinates": {
"CL": -0.00000000000000E+000,
"CD": -0.00000000000000E+000,
"CY": 0.00000000000000E+000,
"Cl": 0.00000000000000E+000,
"Cm": 0.00000000000000E+000,
"Cn": 0.00000000000000E+000
},
"body_coordinates": {
"CX": 0.00000000000000E+000,
"CY": 0.00000000000000E+000,
"CZ": 0.00000000000000E+000,
"Cl": 0.00000000000000E+000,
"Cm": 0.00000000000000E+000,
"Cn": 0.00000000000000E+000
}
}
},
"total": {
"Main_right": {
"stability_coordinates": {
"CL": 2.50000000000000E-001,
"CD": 1.70544783761455E-003,
"CY": 1.69210301976294E-001,
"Cl": -6.32983392531900E-002,
"Cm": -1.36377336173800E-003,
"Cn": 2.75165451269371E-004
},
"body_coordinates": {
"CX": -1.70544783761455E-003,
"CY": 1.69210301976294E-001,
"CZ": -2.50000000000000E-001,
"Cl": -6.32983392531900E-002,
"Cm": -1.36377336173800E-003,
"Cn": 2.75165451269371E-004
}
},
"Main_left": {
"stability_coordinates": {
"CL": 2.50000000000000E-001,
"CD": 1.70544783761454E-003,
"CY": -1.69210301976294E-001,
"Cl": 6.32983392531900E-002,
"Cm": -1.36377336173800E-003,
"Cn": -2.75165451269370E-004
},
"body_coordinates": {
"CX": -1.70544783761454E-003,
"CY": -1.69210301976294E-001,
"CZ": -2.50000000000000E-001,
"Cl": 6.32983392531900E-002,
"Cm": -1.36377336173800E-003,
"Cn": -2.75165451269370E-004
}
},
"MyAirplane": {
"stability_coordinates": {
"CL": 4.99999999999999E-001,
"CD": 3.41089567522909E-003,
"CY": -8.32667268468867E-017,
"Cl": -1.38777878078145E-017,
"Cm": -2.72754672347600E-003,
"Cn": 1.51788304147971E-018
},
"body_coordinates": {
"CX": -3.41089567522909E-003,
"CY": -8.32667268468867E-017,
"CZ": -4.99999999999999E-001,
"Cl": -1.38777878078145E-017,
"Cm": -2.72754672347600E-003,
"Cn": 1.51788304147971E-018
}
}
}
}
