{
"inviscid": {
"Main_right": {
"stability_coordinates": {
"CL": 2.50000000000000E-001,
"CD": 1.73138687429324E-003,
"CY": 1.72359036597444E-001,
"Cl": -6.32159153128462E-002,
"Cm": -1.41785477761317E-003,
"Cn": 2.74543231115924E-004
},
"body_coordinates": {
"CX": -1.73138687429324E-003,
"CY": 1.72359036597444E-001,
"CZ": -2.50000000000000E-001,
"Cl": -6.32159153128462E-002,
"Cm": -1.41785477761317E-003,
"Cn": 2.74543231115924E-004
}
},
"Main_left": {
"stability_coordinates": {
"CL": 2.50000000000000E-001,
"CD": 1.73138687429325E-003,
"CY": -1.72359036597444E-001,
"Cl": 6.32159153128462E-002,
"Cm": -1.41785477761317E-003,
"Cn": -2.74543231115924E-004
},
"body_coordinates": {
"CX": -1.73138687429325E-003,
"CY": -1.72359036597444E-001,
"CZ": -2.50000000000000E-001,
"Cl": 6.32159153128462E-002,
"Cm": -1.41785477761317E-003,
"Cn": -2.74543231115924E-004
}
},
"MyAirplane": {
"stability_coordinates": {
"CL": 5.00000000000000E-001,
"CD": 3.46277374858649E-003,
"CY": -5.55111512312578E-017,
"Cl": 0.00000000000000E+000,
"Cm": -2.83570955522634E-003,
"Cn": -3.25260651745651E-019
},
"body_coordinates": {
"CX": -3.46277374858649E-003,
"CY": -5.55111512312578E-017,
"CZ": -5.00000000000000E-001,
"Cl": 0.00000000000000E+000,
"Cm": -2.83570955522634E-003,
"Cn": -3.25260651745651E-019
}
}
},
"viscous": {
"Main_right": {
"stability_coordinates": {
"CL": -0.00000000000000E+000,
"CD": -0.00000000000000E+000,
"CY": 0.00000000000000E+000,
"Cl": 0.00000000000000E+000,
"Cm": 0.00000000000000E+000,
"Cn": 0.00000000000000E+000
},
"body_coordinates": {
"CX": 0.00000000000000E+000,
"CY": 0.00000000000000E+000,
"CZ": 0.00000000000000E+000,
"Cl": 0.00000000000000E+000,
"Cm": 0.00000000000000E+000,
"Cn": 0.00000000000000E+000
}
},
"Main_left": {
"stability_coordinates": {
"CL": -0.00000000000000E+000,
"CD": -0.00000000000000E+000,
"CY": 0.00000000000000E+000,
"Cl": 0.00000000000000E+000,
"Cm": 0.00000000000000E+000,
"Cn": 0.00000000000000E+000
},
"body_coordinates": {
"CX": 0.00000000000000E+000,
"CY": 0.00000000000000E+000,
"CZ": 0.00000000000000E+000,
"Cl": 0.00000000000000E+000,
"Cm": 0.00000000000000E+000,
"Cn": 0.00000000000000E+000
}
},
"MyAirplane": {
"stability_coordinates": {
"CL": -0.00000000000000E+000,
"CD": -0.00000000000000E+000,
"CY": 0.00000000000000E+000,
"Cl": 0.00000000000000E+000,
"Cm": 0.00000000000000E+000,
"Cn": 0.00000000000000E+000
},
"body_coordinates": {
"CX": 0.00000000000000E+000,
"CY": 0.00000000000000E+000,
"CZ": 0.00000000000000E+000,
"Cl": 0.00000000000000E+000,
"Cm": 0.00000000000000E+000,
"Cn": 0.00000000000000E+000
}
}
},
"total": {
"Main_right": {
"stability_coordinates": {
"CL": 2.50000000000000E-001,
"CD": 1.73138687429324E-003,
"CY": 1.72359036597444E-001,
"Cl": -6.32159153128462E-002,
"Cm": -1.41785477761317E-003,
"Cn": 2.74543231115924E-004
},
"body_coordinates": {
"CX": -1.73138687429324E-003,
"CY": 1.72359036597444E-001,
"CZ": -2.50000000000000E-001,
"Cl": -6.32159153128462E-002,
"Cm": -1.41785477761317E-003,
"Cn": 2.74543231115924E-004
}
},
"Main_left": {
"stability_coordinates": {
"CL": 2.50000000000000E-001,
"CD": 1.73138687429325E-003,
"CY": -1.72359036597444E-001,
"Cl": 6.32159153128462E-002,
"Cm": -1.41785477761317E-003,
"Cn": -2.74543231115924E-004
},
"body_coordinates": {
"CX": -1.73138687429325E-003,
"CY": -1.72359036597444E-001,
"CZ": -2.50000000000000E-001,
"Cl": 6.32159153128462E-002,
"Cm": -1.41785477761317E-003,
"Cn": -2.74543231115924E-004
}
},
"MyAirplane": {
"stability_coordinates": {
"CL": 5.00000000000000E-001,
"CD": 3.46277374858649E-003,
"CY": -5.55111512312578E-017,
"Cl": 0.00000000000000E+000,
"Cm": -2.83570955522634E-003,
"Cn": -3.25260651745651E-019
},
"body_coordinates": {
"CX": -3.46277374858649E-003,
"CY": -5.55111512312578E-017,
"CZ": -5.00000000000000E-001,
"Cl": 0.00000000000000E+000,
"Cm": -2.83570955522634E-003,
"Cn": -3.25260651745651E-019
}
}
}
}
