{
"inviscid": {
"Main_right": {
"stability_coordinates": {
"CL": 2.79040404040404E-001,
"CD": 2.18318788844924E-003,
"CY": 1.86049266963320E-001,
"Cl": -7.09467616035530E-002,
"Cm": -1.73500789136977E-003,
"Cn": 3.56738708199985E-004
},
"body_coordinates": {
"CX": -2.18318788844924E-003,
"CY": 1.86049266963320E-001,
"CZ": -2.79040404040404E-001,
"Cl": -7.09467616035530E-002,
"Cm": -1.73500789136977E-003,
"Cn": 3.56738708199985E-004
}
},
"Main_left": {
"stability_coordinates": {
"CL": 2.79040404040404E-001,
"CD": 2.18318788844925E-003,
"CY": -1.86049266963320E-001,
"Cl": 7.09467616035530E-002,
"Cm": -1.73500789136977E-003,
"Cn": -3.56738708199986E-004
},
"body_coordinates": {
"CX": -2.18318788844925E-003,
"CY": -1.86049266963320E-001,
"CZ": -2.79040404040404E-001,
"Cl": 7.09467616035530E-002,
"Cm": -1.73500789136977E-003,
"Cn": -3.56738708199986E-004
}
},
"MyAirplane": {
"stability_coordinates": {
"CL": 5.58080808080808E-001,
"CD": 4.36637577689849E-003,
"CY": -2.77555756156289E-017,
"Cl": 0.00000000000000E+000,
"Cm": -3.47001578273954E-003,
"Cn": -1.46367293285543E-018
},
"body_coordinates": {
"CX": -4.36637577689849E-003,
"CY": -2.77555756156289E-017,
"CZ": -5.58080808080808E-001,
"Cl": 0.00000000000000E+000,
"Cm": -3.47001578273954E-003,
"Cn": -1.46367293285543E-018
}
}
},
"viscous": {
"Main_right": {
"stability_coordinates": {
"CL": -0.00000000000000E+000,
"CD": -0.00000000000000E+000,
"CY": 0.00000000000000E+000,
"Cl": 0.00000000000000E+000,
"Cm": 0.00000000000000E+000,
"Cn": 0.00000000000000E+000
},
"body_coordinates": {
"CX": 0.00000000000000E+000,
"CY": 0.00000000000000E+000,
"CZ": 0.00000000000000E+000,
"Cl": 0.00000000000000E+000,
"Cm": 0.00000000000000E+000,
"Cn": 0.00000000000000E+000
}
},
"Main_left": {
"stability_coordinates": {
"CL": -0.00000000000000E+000,
"CD": -0.00000000000000E+000,
"CY": 0.00000000000000E+000,
"Cl": 0.00000000000000E+000,
"Cm": 0.00000000000000E+000,
"Cn": 0.00000000000000E+000
},
"body_coordinates": {
"CX": 0.00000000000000E+000,
"CY": 0.00000000000000E+000,
"CZ": 0.00000000000000E+000,
"Cl": 0.00000000000000E+000,
"Cm": 0.00000000000000E+000,
"Cn": 0.00000000000000E+000
}
},
"MyAirplane": {
"stability_coordinates": {
"CL": -0.00000000000000E+000,
"CD": -0.00000000000000E+000,
"CY": 0.00000000000000E+000,
"Cl": 0.00000000000000E+000,
"Cm": 0.00000000000000E+000,
"Cn": 0.00000000000000E+000
},
"body_coordinates": {
"CX": 0.00000000000000E+000,
"CY": 0.00000000000000E+000,
"CZ": 0.00000000000000E+000,
"Cl": 0.00000000000000E+000,
"Cm": 0.00000000000000E+000,
"Cn": 0.00000000000000E+000
}
}
},
"total": {
"Main_right": {
"stability_coordinates": {
"CL": 2.79040404040404E-001,
"CD": 2.18318788844924E-003,
"CY": 1.86049266963320E-001,
"Cl": -7.09467616035530E-002,
"Cm": -1.73500789136977E-003,
"Cn": 3.56738708199985E-004
},
"body_coordinates": {
"CX": -2.18318788844924E-003,
"CY": 1.86049266963320E-001,
"CZ": -2.79040404040404E-001,
"Cl": -7.09467616035530E-002,
"Cm": -1.73500789136977E-003,
"Cn": 3.56738708199985E-004
}
},
"Main_left": {
"stability_coordinates": {
"CL": 2.79040404040404E-001,
"CD": 2.18318788844925E-003,
"CY": -1.86049266963320E-001,
"Cl": 7.09467616035530E-002,
"Cm": -1.73500789136977E-003,
"Cn": -3.56738708199986E-004
},
"body_coordinates": {
"CX": -2.18318788844925E-003,
"CY": -1.86049266963320E-001,
"CZ": -2.79040404040404E-001,
"Cl": 7.09467616035530E-002,
"Cm": -1.73500789136977E-003,
"Cn": -3.56738708199986E-004
}
},
"MyAirplane": {
"stability_coordinates": {
"CL": 5.58080808080808E-001,
"CD": 4.36637577689849E-003,
"CY": -2.77555756156289E-017,
"Cl": 0.00000000000000E+000,
"Cm": -3.47001578273954E-003,
"Cn": -1.46367293285543E-018
},
"body_coordinates": {
"CX": -4.36637577689849E-003,
"CY": -2.77555756156289E-017,
"CZ": -5.58080808080808E-001,
"Cl": 0.00000000000000E+000,
"Cm": -3.47001578273954E-003,
"Cn": -1.46367293285543E-018
}
}
}
}
