{
"inviscid": {
"Main_right": {
"stability_coordinates": {
"CL": 2.50000000000000E-001,
"CD": 1.08619063658884E-003,
"CY": 1.74364889789161E-001,
"Cl": -6.25732699413583E-002,
"Cm": -1.28328239586638E-003,
"Cn": 1.70600543217887E-004
},
"body_coordinates": {
"CX": -1.08619063658884E-003,
"CY": 1.74364889789161E-001,
"CZ": -2.50000000000000E-001,
"Cl": -6.25732699413583E-002,
"Cm": -1.28328239586638E-003,
"Cn": 1.70600543217887E-004
}
},
"Main_left": {
"stability_coordinates": {
"CL": 2.50000000000000E-001,
"CD": 1.08619063658884E-003,
"CY": -1.74364889789161E-001,
"Cl": 6.25732699413583E-002,
"Cm": -1.28328239586638E-003,
"Cn": -1.70600543217887E-004
},
"body_coordinates": {
"CX": -1.08619063658884E-003,
"CY": -1.74364889789161E-001,
"CZ": -2.50000000000000E-001,
"Cl": 6.25732699413583E-002,
"Cm": -1.28328239586638E-003,
"Cn": -1.70600543217887E-004
}
},
"MyAirplane": {
"stability_coordinates": {
"CL": 5.00000000000000E-001,
"CD": 2.17238127317767E-003,
"CY": 0.00000000000000E+000,
"Cl": 0.00000000000000E+000,
"Cm": -2.56656479173276E-003,
"Cn": 3.71726459137887E-019
},
"body_coordinates": {
"CX": -2.17238127317767E-003,
"CY": 0.00000000000000E+000,
"CZ": -5.00000000000000E-001,
"Cl": 0.00000000000000E+000,
"Cm": -2.56656479173276E-003,
"Cn": 3.71726459137887E-019
}
}
},
"viscous": {
"Main_right": {
"stability_coordinates": {
"CL": -0.00000000000000E+000,
"CD": -0.00000000000000E+000,
"CY": 0.00000000000000E+000,
"Cl": 0.00000000000000E+000,
"Cm": 0.00000000000000E+000,
"Cn": 0.00000000000000E+000
},
"body_coordinates": {
"CX": 0.00000000000000E+000,
"CY": 0.00000000000000E+000,
"CZ": 0.00000000000000E+000,
"Cl": 0.00000000000000E+000,
"Cm": 0.00000000000000E+000,
"Cn": 0.00000000000000E+000
}
},
"Main_left": {
"stability_coordinates": {
"CL": -0.00000000000000E+000,
"CD": -0.00000000000000E+000,
"CY": 0.00000000000000E+000,
"Cl": 0.00000000000000E+000,
"Cm": 0.00000000000000E+000,
"Cn": 0.00000000000000E+000
},
"body_coordinates": {
"CX": 0.00000000000000E+000,
"CY": 0.00000000000000E+000,
"CZ": 0.00000000000000E+000,
"Cl": 0.00000000000000E+000,
"Cm": 0.00000000000000E+000,
"Cn": 0.00000000000000E+000
}
},
"MyAirplane": {
"stability_coordinates": {
"CL": -0.00000000000000E+000,
"CD": -0.00000000000000E+000,
"CY": 0.00000000000000E+000,
"Cl": 0.00000000000000E+000,
"Cm": 0.00000000000000E+000,
"Cn": 0.00000000000000E+000
},
"body_coordinates": {
"CX": 0.00000000000000E+000,
"CY": 0.00000000000000E+000,
"CZ": 0.00000000000000E+000,
"Cl": 0.00000000000000E+000,
"Cm": 0.00000000000000E+000,
"Cn": 0.00000000000000E+000
}
}
},
"total": {
"Main_right": {
"stability_coordinates": {
"CL": 2.50000000000000E-001,
"CD": 1.08619063658884E-003,
"CY": 1.74364889789161E-001,
"Cl": -6.25732699413583E-002,
"Cm": -1.28328239586638E-003,
"Cn": 1.70600543217887E-004
},
"body_coordinates": {
"CX": -1.08619063658884E-003,
"CY": 1.74364889789161E-001,
"CZ": -2.50000000000000E-001,
"Cl": -6.25732699413583E-002,
"Cm": -1.28328239586638E-003,
"Cn": 1.70600543217887E-004
}
},
"Main_left": {
"stability_coordinates": {
"CL": 2.50000000000000E-001,
"CD": 1.08619063658884E-003,
"CY": -1.74364889789161E-001,
"Cl": 6.25732699413583E-002,
"Cm": -1.28328239586638E-003,
"Cn": -1.70600543217887E-004
},
"body_coordinates": {
"CX": -1.08619063658884E-003,
"CY": -1.74364889789161E-001,
"CZ": -2.50000000000000E-001,
"Cl": 6.25732699413583E-002,
"Cm": -1.28328239586638E-003,
"Cn": -1.70600543217887E-004
}
},
"MyAirplane": {
"stability_coordinates": {
"CL": 5.00000000000000E-001,
"CD": 2.17238127317767E-003,
"CY": 0.00000000000000E+000,
"Cl": 0.00000000000000E+000,
"Cm": -2.56656479173276E-003,
"Cn": 3.71726459137887E-019
},
"body_coordinates": {
"CX": -2.17238127317767E-003,
"CY": 0.00000000000000E+000,
"CZ": -5.00000000000000E-001,
"Cl": 0.00000000000000E+000,
"Cm": -2.56656479173276E-003,
"Cn": 3.71726459137887E-019
}
}
}
}
