{
"inviscid": {
"Main_right": {
"stability_coordinates": {
"CL": 1.46464646464646E-001,
"CD": 5.25715756326167E-004,
"CY": 1.02259781677277E-001,
"Cl": -3.65744036499376E-002,
"Cm": -4.26313097017131E-004,
"Cn": 8.25497377270544E-005
},
"body_coordinates": {
"CX": -5.25715756326167E-004,
"CY": 1.02259781677277E-001,
"CZ": -1.46464646464646E-001,
"Cl": -3.65744036499376E-002,
"Cm": -4.26313097017131E-004,
"Cn": 8.25497377270544E-005
}
},
"Main_left": {
"stability_coordinates": {
"CL": 1.46464646464646E-001,
"CD": 5.25715756326163E-004,
"CY": -1.02259781677277E-001,
"Cl": 3.65744036499376E-002,
"Cm": -4.26313097017131E-004,
"Cn": -8.25497377270543E-005
},
"body_coordinates": {
"CX": -5.25715756326163E-004,
"CY": -1.02259781677277E-001,
"CZ": -1.46464646464646E-001,
"Cl": 3.65744036499376E-002,
"Cm": -4.26313097017131E-004,
"Cn": -8.25497377270543E-005
}
},
"MyAirplane": {
"stability_coordinates": {
"CL": 2.92929292929292E-001,
"CD": 1.05143151265233E-003,
"CY": 1.38777878078145E-017,
"Cl": -6.93889390390723E-018,
"Cm": -8.52626194034262E-004,
"Cn": 1.08420217248550E-019
},
"body_coordinates": {
"CX": -1.05143151265233E-003,
"CY": 1.38777878078145E-017,
"CZ": -2.92929292929292E-001,
"Cl": -6.93889390390723E-018,
"Cm": -8.52626194034262E-004,
"Cn": 1.08420217248550E-019
}
}
},
"viscous": {
"Main_right": {
"stability_coordinates": {
"CL": -0.00000000000000E+000,
"CD": -0.00000000000000E+000,
"CY": 0.00000000000000E+000,
"Cl": 0.00000000000000E+000,
"Cm": 0.00000000000000E+000,
"Cn": 0.00000000000000E+000
},
"body_coordinates": {
"CX": 0.00000000000000E+000,
"CY": 0.00000000000000E+000,
"CZ": 0.00000000000000E+000,
"Cl": 0.00000000000000E+000,
"Cm": 0.00000000000000E+000,
"Cn": 0.00000000000000E+000
}
},
"Main_left": {
"stability_coordinates": {
"CL": -0.00000000000000E+000,
"CD": -0.00000000000000E+000,
"CY": 0.00000000000000E+000,
"Cl": 0.00000000000000E+000,
"Cm": 0.00000000000000E+000,
"Cn": 0.00000000000000E+000
},
"body_coordinates": {
"CX": 0.00000000000000E+000,
"CY": 0.00000000000000E+000,
"CZ": 0.00000000000000E+000,
"Cl": 0.00000000000000E+000,
"Cm": 0.00000000000000E+000,
"Cn": 0.00000000000000E+000
}
},
"MyAirplane": {
"stability_coordinates": {
"CL": -0.00000000000000E+000,
"CD": -0.00000000000000E+000,
"CY": 0.00000000000000E+000,
"Cl": 0.00000000000000E+000,
"Cm": 0.00000000000000E+000,
"Cn": 0.00000000000000E+000
},
"body_coordinates": {
"CX": 0.00000000000000E+000,
"CY": 0.00000000000000E+000,
"CZ": 0.00000000000000E+000,
"Cl": 0.00000000000000E+000,
"Cm": 0.00000000000000E+000,
"Cn": 0.00000000000000E+000
}
}
},
"total": {
"Main_right": {
"stability_coordinates": {
"CL": 1.46464646464646E-001,
"CD": 5.25715756326167E-004,
"CY": 1.02259781677277E-001,
"Cl": -3.65744036499376E-002,
"Cm": -4.26313097017131E-004,
"Cn": 8.25497377270544E-005
},
"body_coordinates": {
"CX": -5.25715756326167E-004,
"CY": 1.02259781677277E-001,
"CZ": -1.46464646464646E-001,
"Cl": -3.65744036499376E-002,
"Cm": -4.26313097017131E-004,
"Cn": 8.25497377270544E-005
}
},
"Main_left": {
"stability_coordinates": {
"CL": 1.46464646464646E-001,
"CD": 5.25715756326163E-004,
"CY": -1.02259781677277E-001,
"Cl": 3.65744036499376E-002,
"Cm": -4.26313097017131E-004,
"Cn": -8.25497377270543E-005
},
"body_coordinates": {
"CX": -5.25715756326163E-004,
"CY": -1.02259781677277E-001,
"CZ": -1.46464646464646E-001,
"Cl": 3.65744036499376E-002,
"Cm": -4.26313097017131E-004,
"Cn": -8.25497377270543E-005
}
},
"MyAirplane": {
"stability_coordinates": {
"CL": 2.92929292929292E-001,
"CD": 1.05143151265233E-003,
"CY": 1.38777878078145E-017,
"Cl": -6.93889390390723E-018,
"Cm": -8.52626194034262E-004,
"Cn": 1.08420217248550E-019
},
"body_coordinates": {
"CX": -1.05143151265233E-003,
"CY": 1.38777878078145E-017,
"CZ": -2.92929292929292E-001,
"Cl": -6.93889390390723E-018,
"Cm": -8.52626194034262E-004,
"Cn": 1.08420217248550E-019
}
}
}
}
