{
"inviscid": {
"Main_right": {
"stability_coordinates": {
"CL": 2.63790077628692E-001,
"CD": 4.72294568870654E-003,
"CY": 0.00000000000000E+000,
"Cl": -6.02506470442540E-002,
"Cm": 0.00000000000000E+000,
"Cn": 1.42927095683504E-003
},
"body_coordinates": {
"CX": -4.72294568870654E-003,
"CY": 0.00000000000000E+000,
"CZ": -2.63790077628692E-001,
"Cl": -6.02506470442540E-002,
"Cm": 0.00000000000000E+000,
"Cn": 1.42927095683504E-003
}
},
"Main_left": {
"stability_coordinates": {
"CL": 2.63790077628692E-001,
"CD": 4.72294568870654E-003,
"CY": 0.00000000000000E+000,
"Cl": 6.02506470442540E-002,
"Cm": 0.00000000000000E+000,
"Cn": -1.42927095683504E-003
},
"body_coordinates": {
"CX": -4.72294568870654E-003,
"CY": 0.00000000000000E+000,
"CZ": -2.63790077628692E-001,
"Cl": 6.02506470442540E-002,
"Cm": 0.00000000000000E+000,
"Cn": -1.42927095683504E-003
}
},
"MyAirplane": {
"stability_coordinates": {
"CL": 5.27580155257384E-001,
"CD": 9.44589137741308E-003,
"CY": 0.00000000000000E+000,
"Cl": 1.38777878078145E-017,
"Cm": 0.00000000000000E+000,
"Cn": -1.95156391047391E-018
},
"body_coordinates": {
"CX": -9.44589137741308E-003,
"CY": 0.00000000000000E+000,
"CZ": -5.27580155257384E-001,
"Cl": 1.38777878078145E-017,
"Cm": 0.00000000000000E+000,
"Cn": -1.95156391047391E-018
}
}
},
"viscous": {
"Main_right": {
"stability_coordinates": {
"CL": -0.00000000000000E+000,
"CD": -0.00000000000000E+000,
"CY": 0.00000000000000E+000,
"Cl": 0.00000000000000E+000,
"Cm": 0.00000000000000E+000,
"Cn": 0.00000000000000E+000
},
"body_coordinates": {
"CX": 0.00000000000000E+000,
"CY": 0.00000000000000E+000,
"CZ": 0.00000000000000E+000,
"Cl": 0.00000000000000E+000,
"Cm": 0.00000000000000E+000,
"Cn": 0.00000000000000E+000
}
},
"Main_left": {
"stability_coordinates": {
"CL": -0.00000000000000E+000,
"CD": -0.00000000000000E+000,
"CY": 0.00000000000000E+000,
"Cl": 0.00000000000000E+000,
"Cm": 0.00000000000000E+000,
"Cn": 0.00000000000000E+000
},
"body_coordinates": {
"CX": 0.00000000000000E+000,
"CY": 0.00000000000000E+000,
"CZ": 0.00000000000000E+000,
"Cl": 0.00000000000000E+000,
"Cm": 0.00000000000000E+000,
"Cn": 0.00000000000000E+000
}
},
"MyAirplane": {
"stability_coordinates": {
"CL": -0.00000000000000E+000,
"CD": -0.00000000000000E+000,
"CY": 0.00000000000000E+000,
"Cl": 0.00000000000000E+000,
"Cm": 0.00000000000000E+000,
"Cn": 0.00000000000000E+000
},
"body_coordinates": {
"CX": 0.00000000000000E+000,
"CY": 0.00000000000000E+000,
"CZ": 0.00000000000000E+000,
"Cl": 0.00000000000000E+000,
"Cm": 0.00000000000000E+000,
"Cn": 0.00000000000000E+000
}
}
},
"total": {
"Main_right": {
"stability_coordinates": {
"CL": 2.63790077628692E-001,
"CD": 4.72294568870654E-003,
"CY": 0.00000000000000E+000,
"Cl": -6.02506470442540E-002,
"Cm": 0.00000000000000E+000,
"Cn": 1.42927095683504E-003
},
"body_coordinates": {
"CX": -4.72294568870654E-003,
"CY": 0.00000000000000E+000,
"CZ": -2.63790077628692E-001,
"Cl": -6.02506470442540E-002,
"Cm": 0.00000000000000E+000,
"Cn": 1.42927095683504E-003
}
},
"Main_left": {
"stability_coordinates": {
"CL": 2.63790077628692E-001,
"CD": 4.72294568870654E-003,
"CY": 0.00000000000000E+000,
"Cl": 6.02506470442540E-002,
"Cm": 0.00000000000000E+000,
"Cn": -1.42927095683504E-003
},
"body_coordinates": {
"CX": -4.72294568870654E-003,
"CY": 0.00000000000000E+000,
"CZ": -2.63790077628692E-001,
"Cl": 6.02506470442540E-002,
"Cm": 0.00000000000000E+000,
"Cn": -1.42927095683504E-003
}
},
"MyAirplane": {
"stability_coordinates": {
"CL": 5.27580155257384E-001,
"CD": 9.44589137741308E-003,
"CY": 0.00000000000000E+000,
"Cl": 1.38777878078145E-017,
"Cm": 0.00000000000000E+000,
"Cn": -1.95156391047391E-018
},
"body_coordinates": {
"CX": -9.44589137741308E-003,
"CY": 0.00000000000000E+000,
"CZ": -5.27580155257384E-001,
"Cl": 1.38777878078145E-017,
"Cm": 0.00000000000000E+000,
"Cn": -1.95156391047391E-018
}
}
}
}
