{
"inviscid": {
"Main_right": {
"stability_coordinates": {
"CL": 2.49999999999994E-001,
"CD": 9.76103025580526E-004,
"CY": 1.74756090140508E-001,
"Cl": -6.24527998827730E-002,
"Cm": -1.26050075672649E-003,
"Cn": 1.53354673592163E-004
},
"body_coordinates": {
"CX": -9.76103025580526E-004,
"CY": 1.74756090140508E-001,
"CZ": -2.49999999999994E-001,
"Cl": -6.24527998827730E-002,
"Cm": -1.26050075672649E-003,
"Cn": 1.53354673592163E-004
}
},
"Main_left": {
"stability_coordinates": {
"CL": 2.49999999999994E-001,
"CD": 9.76103025580518E-004,
"CY": -1.74756090140508E-001,
"Cl": 6.24527998827730E-002,
"Cm": -1.26050075672649E-003,
"Cn": -1.53354673592163E-004
},
"body_coordinates": {
"CX": -9.76103025580518E-004,
"CY": -1.74756090140508E-001,
"CZ": -2.49999999999994E-001,
"Cl": 6.24527998827730E-002,
"Cm": -1.26050075672649E-003,
"Cn": -1.53354673592163E-004
}
},
"MyAirplane": {
"stability_coordinates": {
"CL": 4.99999999999988E-001,
"CD": 1.95220605116104E-003,
"CY": -2.77555756156289E-017,
"Cl": 1.73774038636981E-017,
"Cm": -2.52100151345297E-003,
"Cn": -2.71521935370283E-019
},
"body_coordinates": {
"CX": -1.95220605116104E-003,
"CY": -2.77555756156289E-017,
"CZ": -4.99999999999988E-001,
"Cl": 1.73774038636981E-017,
"Cm": -2.52100151345297E-003,
"Cn": -2.71521935370283E-019
}
}
},
"viscous": {
"Main_right": {
"stability_coordinates": {
"CL": -0.00000000000000E+000,
"CD": -0.00000000000000E+000,
"CY": 0.00000000000000E+000,
"Cl": 0.00000000000000E+000,
"Cm": 0.00000000000000E+000,
"Cn": 0.00000000000000E+000
},
"body_coordinates": {
"CX": 0.00000000000000E+000,
"CY": 0.00000000000000E+000,
"CZ": 0.00000000000000E+000,
"Cl": 0.00000000000000E+000,
"Cm": 0.00000000000000E+000,
"Cn": 0.00000000000000E+000
}
},
"Main_left": {
"stability_coordinates": {
"CL": -0.00000000000000E+000,
"CD": -0.00000000000000E+000,
"CY": 0.00000000000000E+000,
"Cl": 0.00000000000000E+000,
"Cm": 0.00000000000000E+000,
"Cn": 0.00000000000000E+000
},
"body_coordinates": {
"CX": 0.00000000000000E+000,
"CY": 0.00000000000000E+000,
"CZ": 0.00000000000000E+000,
"Cl": 0.00000000000000E+000,
"Cm": 0.00000000000000E+000,
"Cn": 0.00000000000000E+000
}
},
"MyAirplane": {
"stability_coordinates": {
"CL": -0.00000000000000E+000,
"CD": -0.00000000000000E+000,
"CY": 0.00000000000000E+000,
"Cl": 0.00000000000000E+000,
"Cm": 0.00000000000000E+000,
"Cn": 0.00000000000000E+000
},
"body_coordinates": {
"CX": 0.00000000000000E+000,
"CY": 0.00000000000000E+000,
"CZ": 0.00000000000000E+000,
"Cl": 0.00000000000000E+000,
"Cm": 0.00000000000000E+000,
"Cn": 0.00000000000000E+000
}
}
},
"total": {
"Main_right": {
"stability_coordinates": {
"CL": 2.49999999999994E-001,
"CD": 9.76103025580526E-004,
"CY": 1.74756090140508E-001,
"Cl": -6.24527998827730E-002,
"Cm": -1.26050075672649E-003,
"Cn": 1.53354673592163E-004
},
"body_coordinates": {
"CX": -9.76103025580526E-004,
"CY": 1.74756090140508E-001,
"CZ": -2.49999999999994E-001,
"Cl": -6.24527998827730E-002,
"Cm": -1.26050075672649E-003,
"Cn": 1.53354673592163E-004
}
},
"Main_left": {
"stability_coordinates": {
"CL": 2.49999999999994E-001,
"CD": 9.76103025580518E-004,
"CY": -1.74756090140508E-001,
"Cl": 6.24527998827730E-002,
"Cm": -1.26050075672649E-003,
"Cn": -1.53354673592163E-004
},
"body_coordinates": {
"CX": -9.76103025580518E-004,
"CY": -1.74756090140508E-001,
"CZ": -2.49999999999994E-001,
"Cl": 6.24527998827730E-002,
"Cm": -1.26050075672649E-003,
"Cn": -1.53354673592163E-004
}
},
"MyAirplane": {
"stability_coordinates": {
"CL": 4.99999999999988E-001,
"CD": 1.95220605116104E-003,
"CY": -2.77555756156289E-017,
"Cl": 1.73774038636981E-017,
"Cm": -2.52100151345297E-003,
"Cn": -2.71521935370283E-019
},
"body_coordinates": {
"CX": -1.95220605116104E-003,
"CY": -2.77555756156289E-017,
"CZ": -4.99999999999988E-001,
"Cl": 1.73774038636981E-017,
"Cm": -2.52100151345297E-003,
"Cn": -2.71521935370283E-019
}
}
}
}
