{
"inviscid": {
"Main_right": {
"stability_coordinates": {
"CL": 2.49999999999998E-001,
"CD": 4.45323082256879E-003,
"CY": 6.31022502136071E-003,
"Cl": -5.30815336832843E-002,
"Cm": -2.17676813547870E-004,
"Cn": 9.47616955451516E-004
},
"body_coordinates": {
"CX": -4.45323082256879E-003,
"CY": 6.31022502136071E-003,
"CZ": -2.49999999999998E-001,
"Cl": -5.30815336832843E-002,
"Cm": -2.17676813547870E-004,
"Cn": 9.47616955451516E-004
}
},
"Main_left": {
"stability_coordinates": {
"CL": 2.49999999999998E-001,
"CD": 4.45323082256879E-003,
"CY": -6.31022502136071E-003,
"Cl": 5.30815336832843E-002,
"Cm": -2.17676813547870E-004,
"Cn": -9.47616955451516E-004
},
"body_coordinates": {
"CX": -4.45323082256879E-003,
"CY": -6.31022502136071E-003,
"CZ": -2.49999999999998E-001,
"Cl": 5.30815336832843E-002,
"Cm": -2.17676813547870E-004,
"Cn": -9.47616955451516E-004
}
},
"MyAirplane": {
"stability_coordinates": {
"CL": 4.99999999999996E-001,
"CD": 8.90646164513758E-003,
"CY": 0.00000000000000E+000,
"Cl": 0.00000000000000E+000,
"Cm": -4.35353627095740E-004,
"Cn": 1.08420217248550E-019
},
"body_coordinates": {
"CX": -8.90646164513758E-003,
"CY": 0.00000000000000E+000,
"CZ": -4.99999999999996E-001,
"Cl": 0.00000000000000E+000,
"Cm": -4.35353627095740E-004,
"Cn": 1.08420217248550E-019
}
}
},
"viscous": {
"Main_right": {
"stability_coordinates": {
"CL": -0.00000000000000E+000,
"CD": -0.00000000000000E+000,
"CY": 0.00000000000000E+000,
"Cl": 0.00000000000000E+000,
"Cm": 0.00000000000000E+000,
"Cn": 0.00000000000000E+000
},
"body_coordinates": {
"CX": 0.00000000000000E+000,
"CY": 0.00000000000000E+000,
"CZ": 0.00000000000000E+000,
"Cl": 0.00000000000000E+000,
"Cm": 0.00000000000000E+000,
"Cn": 0.00000000000000E+000
}
},
"Main_left": {
"stability_coordinates": {
"CL": -0.00000000000000E+000,
"CD": -0.00000000000000E+000,
"CY": 0.00000000000000E+000,
"Cl": 0.00000000000000E+000,
"Cm": 0.00000000000000E+000,
"Cn": 0.00000000000000E+000
},
"body_coordinates": {
"CX": 0.00000000000000E+000,
"CY": 0.00000000000000E+000,
"CZ": 0.00000000000000E+000,
"Cl": 0.00000000000000E+000,
"Cm": 0.00000000000000E+000,
"Cn": 0.00000000000000E+000
}
},
"MyAirplane": {
"stability_coordinates": {
"CL": -0.00000000000000E+000,
"CD": -0.00000000000000E+000,
"CY": 0.00000000000000E+000,
"Cl": 0.00000000000000E+000,
"Cm": 0.00000000000000E+000,
"Cn": 0.00000000000000E+000
},
"body_coordinates": {
"CX": 0.00000000000000E+000,
"CY": 0.00000000000000E+000,
"CZ": 0.00000000000000E+000,
"Cl": 0.00000000000000E+000,
"Cm": 0.00000000000000E+000,
"Cn": 0.00000000000000E+000
}
}
},
"total": {
"Main_right": {
"stability_coordinates": {
"CL": 2.49999999999998E-001,
"CD": 4.45323082256879E-003,
"CY": 6.31022502136071E-003,
"Cl": -5.30815336832843E-002,
"Cm": -2.17676813547870E-004,
"Cn": 9.47616955451516E-004
},
"body_coordinates": {
"CX": -4.45323082256879E-003,
"CY": 6.31022502136071E-003,
"CZ": -2.49999999999998E-001,
"Cl": -5.30815336832843E-002,
"Cm": -2.17676813547870E-004,
"Cn": 9.47616955451516E-004
}
},
"Main_left": {
"stability_coordinates": {
"CL": 2.49999999999998E-001,
"CD": 4.45323082256879E-003,
"CY": -6.31022502136071E-003,
"Cl": 5.30815336832843E-002,
"Cm": -2.17676813547870E-004,
"Cn": -9.47616955451516E-004
},
"body_coordinates": {
"CX": -4.45323082256879E-003,
"CY": -6.31022502136071E-003,
"CZ": -2.49999999999998E-001,
"Cl": 5.30815336832843E-002,
"Cm": -2.17676813547870E-004,
"Cn": -9.47616955451516E-004
}
},
"MyAirplane": {
"stability_coordinates": {
"CL": 4.99999999999996E-001,
"CD": 8.90646164513758E-003,
"CY": 0.00000000000000E+000,
"Cl": 0.00000000000000E+000,
"Cm": -4.35353627095740E-004,
"Cn": 1.08420217248550E-019
},
"body_coordinates": {
"CX": -8.90646164513758E-003,
"CY": 0.00000000000000E+000,
"CZ": -4.99999999999996E-001,
"Cl": 0.00000000000000E+000,
"Cm": -4.35353627095740E-004,
"Cn": 1.08420217248550E-019
}
}
}
}
