{
"inviscid": {
"Main_right": {
"stability_coordinates": {
"CL": 2.49999999999999E-001,
"CD": 1.88974586233655E-003,
"CY": 1.73956256127010E-001,
"Cl": -6.24161046884405E-002,
"Cm": -1.33583781338136E-003,
"Cn": 2.72548019803119E-004
},
"body_coordinates": {
"CX": -1.88974586233655E-003,
"CY": 1.73956256127010E-001,
"CZ": -2.49999999999999E-001,
"Cl": -6.24161046884405E-002,
"Cm": -1.33583781338136E-003,
"Cn": 2.72548019803119E-004
}
},
"Main_left": {
"stability_coordinates": {
"CL": 2.49999999999999E-001,
"CD": 1.88974586233653E-003,
"CY": -1.73956256127010E-001,
"Cl": 6.24161046884405E-002,
"Cm": -1.33583781338137E-003,
"Cn": -2.72548019803121E-004
},
"body_coordinates": {
"CX": -1.88974586233653E-003,
"CY": -1.73956256127010E-001,
"CZ": -2.49999999999999E-001,
"Cl": 6.24161046884405E-002,
"Cm": -1.33583781338137E-003,
"Cn": -2.72548019803121E-004
}
},
"MyAirplane": {
"stability_coordinates": {
"CL": 4.99999999999998E-001,
"CD": 3.77949172467308E-003,
"CY": 0.00000000000000E+000,
"Cl": -1.38777878078145E-017,
"Cm": -2.67167562676273E-003,
"Cn": -1.08420217248550E-018
},
"body_coordinates": {
"CX": -3.77949172467308E-003,
"CY": 0.00000000000000E+000,
"CZ": -4.99999999999998E-001,
"Cl": -1.38777878078145E-017,
"Cm": -2.67167562676273E-003,
"Cn": -1.08420217248550E-018
}
}
},
"viscous": {
"Main_right": {
"stability_coordinates": {
"CL": -0.00000000000000E+000,
"CD": -0.00000000000000E+000,
"CY": 0.00000000000000E+000,
"Cl": 0.00000000000000E+000,
"Cm": 0.00000000000000E+000,
"Cn": 0.00000000000000E+000
},
"body_coordinates": {
"CX": 0.00000000000000E+000,
"CY": 0.00000000000000E+000,
"CZ": 0.00000000000000E+000,
"Cl": 0.00000000000000E+000,
"Cm": 0.00000000000000E+000,
"Cn": 0.00000000000000E+000
}
},
"Main_left": {
"stability_coordinates": {
"CL": -0.00000000000000E+000,
"CD": -0.00000000000000E+000,
"CY": 0.00000000000000E+000,
"Cl": 0.00000000000000E+000,
"Cm": 0.00000000000000E+000,
"Cn": 0.00000000000000E+000
},
"body_coordinates": {
"CX": 0.00000000000000E+000,
"CY": 0.00000000000000E+000,
"CZ": 0.00000000000000E+000,
"Cl": 0.00000000000000E+000,
"Cm": 0.00000000000000E+000,
"Cn": 0.00000000000000E+000
}
},
"MyAirplane": {
"stability_coordinates": {
"CL": -0.00000000000000E+000,
"CD": -0.00000000000000E+000,
"CY": 0.00000000000000E+000,
"Cl": 0.00000000000000E+000,
"Cm": 0.00000000000000E+000,
"Cn": 0.00000000000000E+000
},
"body_coordinates": {
"CX": 0.00000000000000E+000,
"CY": 0.00000000000000E+000,
"CZ": 0.00000000000000E+000,
"Cl": 0.00000000000000E+000,
"Cm": 0.00000000000000E+000,
"Cn": 0.00000000000000E+000
}
}
},
"total": {
"Main_right": {
"stability_coordinates": {
"CL": 2.49999999999999E-001,
"CD": 1.88974586233655E-003,
"CY": 1.73956256127010E-001,
"Cl": -6.24161046884405E-002,
"Cm": -1.33583781338136E-003,
"Cn": 2.72548019803119E-004
},
"body_coordinates": {
"CX": -1.88974586233655E-003,
"CY": 1.73956256127010E-001,
"CZ": -2.49999999999999E-001,
"Cl": -6.24161046884405E-002,
"Cm": -1.33583781338136E-003,
"Cn": 2.72548019803119E-004
}
},
"Main_left": {
"stability_coordinates": {
"CL": 2.49999999999999E-001,
"CD": 1.88974586233653E-003,
"CY": -1.73956256127010E-001,
"Cl": 6.24161046884405E-002,
"Cm": -1.33583781338137E-003,
"Cn": -2.72548019803121E-004
},
"body_coordinates": {
"CX": -1.88974586233653E-003,
"CY": -1.73956256127010E-001,
"CZ": -2.49999999999999E-001,
"Cl": 6.24161046884405E-002,
"Cm": -1.33583781338137E-003,
"Cn": -2.72548019803121E-004
}
},
"MyAirplane": {
"stability_coordinates": {
"CL": 4.99999999999998E-001,
"CD": 3.77949172467308E-003,
"CY": 0.00000000000000E+000,
"Cl": -1.38777878078145E-017,
"Cm": -2.67167562676273E-003,
"Cn": -1.08420217248550E-018
},
"body_coordinates": {
"CX": -3.77949172467308E-003,
"CY": 0.00000000000000E+000,
"CZ": -4.99999999999998E-001,
"Cl": -1.38777878078145E-017,
"Cm": -2.67167562676273E-003,
"Cn": -1.08420217248550E-018
}
}
}
}
