{
"inviscid": {
"Main_right": {
"stability_coordinates": {
"CL": -5.10491732739459E-001,
"CD": 2.06183678349579E+000,
"CY": 1.29624123043012E-001,
"Cl": 5.77375729221603E-003,
"Cm": -6.71616247068158E-001,
"Cn": 1.89808444503792E-001
},
"body_coordinates": {
"CX": -2.06183678349579E+000,
"CY": 1.29624123043012E-001,
"CZ": 5.10491732739459E-001,
"Cl": 5.77375729221603E-003,
"Cm": -6.71616247068158E-001,
"Cn": 1.89808444503792E-001
}
},
"Main_left": {
"stability_coordinates": {
"CL": 9.92018835933913E-002,
"CD": 2.61520478996392E+001,
"CY": -3.50850853652079E-001,
"Cl": 1.10169144537709E-001,
"Cm": -4.75036149884796E+001,
"Cn": -5.15039169947175E+000
},
"body_coordinates": {
"CX": -2.61520478996392E+001,
"CY": -3.50850853652079E-001,
"CZ": -9.92018835933913E-002,
"Cl": 1.10169144537709E-001,
"Cm": -4.75036149884796E+001,
"Cn": -5.15039169947175E+000
}
},
"MyAirplane": {
"stability_coordinates": {
"CL": -4.11289849146068E-001,
"CD": 2.82138846831350E+001,
"CY": -2.21226730609067E-001,
"Cl": 1.15942901829925E-001,
"Cm": -4.81752312355478E+001,
"Cn": -4.96058325496796E+000
},
"body_coordinates": {
"CX": -2.82138846831350E+001,
"CY": -2.21226730609067E-001,
"CZ": 4.11289849146068E-001,
"Cl": 1.15942901829925E-001,
"Cm": -4.81752312355478E+001,
"Cn": -4.96058325496796E+000
}
}
},
"viscous": {
"Main_right": {
"stability_coordinates": {
"CL": -0.00000000000000E+000,
"CD": -0.00000000000000E+000,
"CY": 0.00000000000000E+000,
"Cl": 0.00000000000000E+000,
"Cm": 0.00000000000000E+000,
"Cn": 0.00000000000000E+000
},
"body_coordinates": {
"CX": 0.00000000000000E+000,
"CY": 0.00000000000000E+000,
"CZ": 0.00000000000000E+000,
"Cl": 0.00000000000000E+000,
"Cm": 0.00000000000000E+000,
"Cn": 0.00000000000000E+000
}
},
"Main_left": {
"stability_coordinates": {
"CL": -0.00000000000000E+000,
"CD": -0.00000000000000E+000,
"CY": 0.00000000000000E+000,
"Cl": 0.00000000000000E+000,
"Cm": 0.00000000000000E+000,
"Cn": 0.00000000000000E+000
},
"body_coordinates": {
"CX": 0.00000000000000E+000,
"CY": 0.00000000000000E+000,
"CZ": 0.00000000000000E+000,
"Cl": 0.00000000000000E+000,
"Cm": 0.00000000000000E+000,
"Cn": 0.00000000000000E+000
}
},
"MyAirplane": {
"stability_coordinates": {
"CL": -0.00000000000000E+000,
"CD": -0.00000000000000E+000,
"CY": 0.00000000000000E+000,
"Cl": 0.00000000000000E+000,
"Cm": 0.00000000000000E+000,
"Cn": 0.00000000000000E+000
},
"body_coordinates": {
"CX": 0.00000000000000E+000,
"CY": 0.00000000000000E+000,
"CZ": 0.00000000000000E+000,
"Cl": 0.00000000000000E+000,
"Cm": 0.00000000000000E+000,
"Cn": 0.00000000000000E+000
}
}
},
"total": {
"Main_right": {
"stability_coordinates": {
"CL": -5.10491732739459E-001,
"CD": 2.06183678349579E+000,
"CY": 1.29624123043012E-001,
"Cl": 5.77375729221603E-003,
"Cm": -6.71616247068158E-001,
"Cn": 1.89808444503792E-001
},
"body_coordinates": {
"CX": -2.06183678349579E+000,
"CY": 1.29624123043012E-001,
"CZ": 5.10491732739459E-001,
"Cl": 5.77375729221603E-003,
"Cm": -6.71616247068158E-001,
"Cn": 1.89808444503792E-001
}
},
"Main_left": {
"stability_coordinates": {
"CL": 9.92018835933913E-002,
"CD": 2.61520478996392E+001,
"CY": -3.50850853652079E-001,
"Cl": 1.10169144537709E-001,
"Cm": -4.75036149884796E+001,
"Cn": -5.15039169947175E+000
},
"body_coordinates": {
"CX": -2.61520478996392E+001,
"CY": -3.50850853652079E-001,
"CZ": -9.92018835933913E-002,
"Cl": 1.10169144537709E-001,
"Cm": -4.75036149884796E+001,
"Cn": -5.15039169947175E+000
}
},
"MyAirplane": {
"stability_coordinates": {
"CL": -4.11289849146068E-001,
"CD": 2.82138846831350E+001,
"CY": -2.21226730609067E-001,
"Cl": 1.15942901829925E-001,
"Cm": -4.81752312355478E+001,
"Cn": -4.96058325496796E+000
},
"body_coordinates": {
"CX": -2.82138846831350E+001,
"CY": -2.21226730609067E-001,
"CZ": 4.11289849146068E-001,
"Cl": 1.15942901829925E-001,
"Cm": -4.81752312355478E+001,
"Cn": -4.96058325496796E+000
}
}
}
}
