{
"inviscid": {
"Main_right": {
"stability_coordinates": {
"CL": 2.49999999999995E-001,
"CD": 1.62279871625182E-003,
"CY": 1.70314595725544E-001,
"Cl": -6.32222141977396E-002,
"Cm": -1.36410386372419E-003,
"Cn": 2.61303809548323E-004
},
"body_coordinates": {
"CX": -1.62279871625182E-003,
"CY": 1.70314595725544E-001,
"CZ": -2.49999999999995E-001,
"Cl": -6.32222141977396E-002,
"Cm": -1.36410386372419E-003,
"Cn": 2.61303809548323E-004
}
},
"Main_left": {
"stability_coordinates": {
"CL": 2.49999999999995E-001,
"CD": 1.62279871625178E-003,
"CY": -1.70314595725544E-001,
"Cl": 6.32222141977395E-002,
"Cm": -1.36410386372418E-003,
"Cn": -2.61303809548322E-004
},
"body_coordinates": {
"CX": -1.62279871625178E-003,
"CY": -1.70314595725544E-001,
"CZ": -2.49999999999995E-001,
"Cl": 6.32222141977395E-002,
"Cm": -1.36410386372418E-003,
"Cn": -2.61303809548322E-004
}
},
"MyAirplane": {
"stability_coordinates": {
"CL": 4.99999999999990E-001,
"CD": 3.24559743250360E-003,
"CY": -2.77555756156289E-017,
"Cl": -3.99680288865056E-017,
"Cm": -2.72820772744837E-003,
"Cn": 1.24900090270330E-018
},
"body_coordinates": {
"CX": -3.24559743250360E-003,
"CY": -2.77555756156289E-017,
"CZ": -4.99999999999990E-001,
"Cl": -3.99680288865056E-017,
"Cm": -2.72820772744837E-003,
"Cn": 1.24900090270330E-018
}
}
},
"viscous": {
"Main_right": {
"stability_coordinates": {
"CL": -0.00000000000000E+000,
"CD": -0.00000000000000E+000,
"CY": 0.00000000000000E+000,
"Cl": 0.00000000000000E+000,
"Cm": 0.00000000000000E+000,
"Cn": 0.00000000000000E+000
},
"body_coordinates": {
"CX": 0.00000000000000E+000,
"CY": 0.00000000000000E+000,
"CZ": 0.00000000000000E+000,
"Cl": 0.00000000000000E+000,
"Cm": 0.00000000000000E+000,
"Cn": 0.00000000000000E+000
}
},
"Main_left": {
"stability_coordinates": {
"CL": -0.00000000000000E+000,
"CD": -0.00000000000000E+000,
"CY": 0.00000000000000E+000,
"Cl": 0.00000000000000E+000,
"Cm": 0.00000000000000E+000,
"Cn": 0.00000000000000E+000
},
"body_coordinates": {
"CX": 0.00000000000000E+000,
"CY": 0.00000000000000E+000,
"CZ": 0.00000000000000E+000,
"Cl": 0.00000000000000E+000,
"Cm": 0.00000000000000E+000,
"Cn": 0.00000000000000E+000
}
},
"MyAirplane": {
"stability_coordinates": {
"CL": -0.00000000000000E+000,
"CD": -0.00000000000000E+000,
"CY": 0.00000000000000E+000,
"Cl": 0.00000000000000E+000,
"Cm": 0.00000000000000E+000,
"Cn": 0.00000000000000E+000
},
"body_coordinates": {
"CX": 0.00000000000000E+000,
"CY": 0.00000000000000E+000,
"CZ": 0.00000000000000E+000,
"Cl": 0.00000000000000E+000,
"Cm": 0.00000000000000E+000,
"Cn": 0.00000000000000E+000
}
}
},
"total": {
"Main_right": {
"stability_coordinates": {
"CL": 2.49999999999995E-001,
"CD": 1.62279871625182E-003,
"CY": 1.70314595725544E-001,
"Cl": -6.32222141977396E-002,
"Cm": -1.36410386372419E-003,
"Cn": 2.61303809548323E-004
},
"body_coordinates": {
"CX": -1.62279871625182E-003,
"CY": 1.70314595725544E-001,
"CZ": -2.49999999999995E-001,
"Cl": -6.32222141977396E-002,
"Cm": -1.36410386372419E-003,
"Cn": 2.61303809548323E-004
}
},
"Main_left": {
"stability_coordinates": {
"CL": 2.49999999999995E-001,
"CD": 1.62279871625178E-003,
"CY": -1.70314595725544E-001,
"Cl": 6.32222141977395E-002,
"Cm": -1.36410386372418E-003,
"Cn": -2.61303809548322E-004
},
"body_coordinates": {
"CX": -1.62279871625178E-003,
"CY": -1.70314595725544E-001,
"CZ": -2.49999999999995E-001,
"Cl": 6.32222141977395E-002,
"Cm": -1.36410386372418E-003,
"Cn": -2.61303809548322E-004
}
},
"MyAirplane": {
"stability_coordinates": {
"CL": 4.99999999999990E-001,
"CD": 3.24559743250360E-003,
"CY": -2.77555756156289E-017,
"Cl": -3.99680288865056E-017,
"Cm": -2.72820772744837E-003,
"Cn": 1.24900090270330E-018
},
"body_coordinates": {
"CX": -3.24559743250360E-003,
"CY": -2.77555756156289E-017,
"CZ": -4.99999999999990E-001,
"Cl": -3.99680288865056E-017,
"Cm": -2.72820772744837E-003,
"Cn": 1.24900090270330E-018
}
}
}
}
