{
"inviscid": {
"Main_right": {
"stability_coordinates": {
"CL": 2.49999999999995E-001,
"CD": 1.71094703310690E-003,
"CY": 1.70402894363484E-001,
"Cl": -6.32186825550911E-002,
"Cm": -1.35465159160368E-003,
"Cn": 2.72270725506734E-004
},
"body_coordinates": {
"CX": -1.71094703310690E-003,
"CY": 1.70402894363484E-001,
"CZ": -2.49999999999995E-001,
"Cl": -6.32186825550911E-002,
"Cm": -1.35465159160368E-003,
"Cn": 2.72270725506734E-004
}
},
"Main_left": {
"stability_coordinates": {
"CL": 2.49999999999995E-001,
"CD": 1.71094703310692E-003,
"CY": -1.70402894363484E-001,
"Cl": 6.32186825550911E-002,
"Cm": -1.35465159160367E-003,
"Cn": -2.72270725506734E-004
},
"body_coordinates": {
"CX": -1.71094703310692E-003,
"CY": -1.70402894363484E-001,
"CZ": -2.49999999999995E-001,
"Cl": 6.32186825550911E-002,
"Cm": -1.35465159160367E-003,
"Cn": -2.72270725506734E-004
}
},
"MyAirplane": {
"stability_coordinates": {
"CL": 4.99999999999991E-001,
"CD": 3.42189406621382E-003,
"CY": -2.77555756156289E-017,
"Cl": 1.38777878078145E-017,
"Cm": -2.70930318320735E-003,
"Cn": 5.96311194867027E-019
},
"body_coordinates": {
"CX": -3.42189406621382E-003,
"CY": -2.77555756156289E-017,
"CZ": -4.99999999999991E-001,
"Cl": 1.38777878078145E-017,
"Cm": -2.70930318320735E-003,
"Cn": 5.96311194867027E-019
}
}
},
"viscous": {
"Main_right": {
"stability_coordinates": {
"CL": -0.00000000000000E+000,
"CD": -0.00000000000000E+000,
"CY": 0.00000000000000E+000,
"Cl": 0.00000000000000E+000,
"Cm": 0.00000000000000E+000,
"Cn": 0.00000000000000E+000
},
"body_coordinates": {
"CX": 0.00000000000000E+000,
"CY": 0.00000000000000E+000,
"CZ": 0.00000000000000E+000,
"Cl": 0.00000000000000E+000,
"Cm": 0.00000000000000E+000,
"Cn": 0.00000000000000E+000
}
},
"Main_left": {
"stability_coordinates": {
"CL": -0.00000000000000E+000,
"CD": -0.00000000000000E+000,
"CY": 0.00000000000000E+000,
"Cl": 0.00000000000000E+000,
"Cm": 0.00000000000000E+000,
"Cn": 0.00000000000000E+000
},
"body_coordinates": {
"CX": 0.00000000000000E+000,
"CY": 0.00000000000000E+000,
"CZ": 0.00000000000000E+000,
"Cl": 0.00000000000000E+000,
"Cm": 0.00000000000000E+000,
"Cn": 0.00000000000000E+000
}
},
"MyAirplane": {
"stability_coordinates": {
"CL": -0.00000000000000E+000,
"CD": -0.00000000000000E+000,
"CY": 0.00000000000000E+000,
"Cl": 0.00000000000000E+000,
"Cm": 0.00000000000000E+000,
"Cn": 0.00000000000000E+000
},
"body_coordinates": {
"CX": 0.00000000000000E+000,
"CY": 0.00000000000000E+000,
"CZ": 0.00000000000000E+000,
"Cl": 0.00000000000000E+000,
"Cm": 0.00000000000000E+000,
"Cn": 0.00000000000000E+000
}
}
},
"total": {
"Main_right": {
"stability_coordinates": {
"CL": 2.49999999999995E-001,
"CD": 1.71094703310690E-003,
"CY": 1.70402894363484E-001,
"Cl": -6.32186825550911E-002,
"Cm": -1.35465159160368E-003,
"Cn": 2.72270725506734E-004
},
"body_coordinates": {
"CX": -1.71094703310690E-003,
"CY": 1.70402894363484E-001,
"CZ": -2.49999999999995E-001,
"Cl": -6.32186825550911E-002,
"Cm": -1.35465159160368E-003,
"Cn": 2.72270725506734E-004
}
},
"Main_left": {
"stability_coordinates": {
"CL": 2.49999999999995E-001,
"CD": 1.71094703310692E-003,
"CY": -1.70402894363484E-001,
"Cl": 6.32186825550911E-002,
"Cm": -1.35465159160367E-003,
"Cn": -2.72270725506734E-004
},
"body_coordinates": {
"CX": -1.71094703310692E-003,
"CY": -1.70402894363484E-001,
"CZ": -2.49999999999995E-001,
"Cl": 6.32186825550911E-002,
"Cm": -1.35465159160367E-003,
"Cn": -2.72270725506734E-004
}
},
"MyAirplane": {
"stability_coordinates": {
"CL": 4.99999999999991E-001,
"CD": 3.42189406621382E-003,
"CY": -2.77555756156289E-017,
"Cl": 1.38777878078145E-017,
"Cm": -2.70930318320735E-003,
"Cn": 5.96311194867027E-019
},
"body_coordinates": {
"CX": -3.42189406621382E-003,
"CY": -2.77555756156289E-017,
"CZ": -4.99999999999991E-001,
"Cl": 1.38777878078145E-017,
"Cm": -2.70930318320735E-003,
"Cn": 5.96311194867027E-019
}
}
}
}
