{
"inviscid": {
"Main_right": {
"stability_coordinates": {
"CL": 1.02272727272730E-001,
"CD": 2.43386961998406E-004,
"CY": 7.21984333380282E-002,
"Cl": -2.53933540018788E-002,
"Cm": -1.97869561938588E-004,
"Cn": 3.79366406124257E-005
},
"body_coordinates": {
"CX": -2.43386961998406E-004,
"CY": 7.21984333380282E-002,
"CZ": -1.02272727272730E-001,
"Cl": -2.53933540018788E-002,
"Cm": -1.97869561938588E-004,
"Cn": 3.79366406124257E-005
}
},
"Main_left": {
"stability_coordinates": {
"CL": 1.02272727272730E-001,
"CD": 2.43386961998406E-004,
"CY": -7.21984333380282E-002,
"Cl": 2.53933540018788E-002,
"Cm": -1.97869561938588E-004,
"Cn": -3.79366406124255E-005
},
"body_coordinates": {
"CX": -2.43386961998406E-004,
"CY": -7.21984333380282E-002,
"CZ": -1.02272727272730E-001,
"Cl": 2.53933540018788E-002,
"Cm": -1.97869561938588E-004,
"Cn": -3.79366406124255E-005
}
},
"MyAirplane": {
"stability_coordinates": {
"CL": 2.04545454545460E-001,
"CD": 4.86773923996812E-004,
"CY": 0.00000000000000E+000,
"Cl": -1.38777878078145E-017,
"Cm": -3.95739123877176E-004,
"Cn": 1.21972744404619E-019
},
"body_coordinates": {
"CX": -4.86773923996812E-004,
"CY": 0.00000000000000E+000,
"CZ": -2.04545454545460E-001,
"Cl": -1.38777878078145E-017,
"Cm": -3.95739123877176E-004,
"Cn": 1.21972744404619E-019
}
}
},
"viscous": {
"Main_right": {
"stability_coordinates": {
"CL": -0.00000000000000E+000,
"CD": -0.00000000000000E+000,
"CY": 0.00000000000000E+000,
"Cl": 0.00000000000000E+000,
"Cm": 0.00000000000000E+000,
"Cn": 0.00000000000000E+000
},
"body_coordinates": {
"CX": 0.00000000000000E+000,
"CY": 0.00000000000000E+000,
"CZ": 0.00000000000000E+000,
"Cl": 0.00000000000000E+000,
"Cm": 0.00000000000000E+000,
"Cn": 0.00000000000000E+000
}
},
"Main_left": {
"stability_coordinates": {
"CL": -0.00000000000000E+000,
"CD": -0.00000000000000E+000,
"CY": 0.00000000000000E+000,
"Cl": 0.00000000000000E+000,
"Cm": 0.00000000000000E+000,
"Cn": 0.00000000000000E+000
},
"body_coordinates": {
"CX": 0.00000000000000E+000,
"CY": 0.00000000000000E+000,
"CZ": 0.00000000000000E+000,
"Cl": 0.00000000000000E+000,
"Cm": 0.00000000000000E+000,
"Cn": 0.00000000000000E+000
}
},
"MyAirplane": {
"stability_coordinates": {
"CL": -0.00000000000000E+000,
"CD": -0.00000000000000E+000,
"CY": 0.00000000000000E+000,
"Cl": 0.00000000000000E+000,
"Cm": 0.00000000000000E+000,
"Cn": 0.00000000000000E+000
},
"body_coordinates": {
"CX": 0.00000000000000E+000,
"CY": 0.00000000000000E+000,
"CZ": 0.00000000000000E+000,
"Cl": 0.00000000000000E+000,
"Cm": 0.00000000000000E+000,
"Cn": 0.00000000000000E+000
}
}
},
"total": {
"Main_right": {
"stability_coordinates": {
"CL": 1.02272727272730E-001,
"CD": 2.43386961998406E-004,
"CY": 7.21984333380282E-002,
"Cl": -2.53933540018788E-002,
"Cm": -1.97869561938588E-004,
"Cn": 3.79366406124257E-005
},
"body_coordinates": {
"CX": -2.43386961998406E-004,
"CY": 7.21984333380282E-002,
"CZ": -1.02272727272730E-001,
"Cl": -2.53933540018788E-002,
"Cm": -1.97869561938588E-004,
"Cn": 3.79366406124257E-005
}
},
"Main_left": {
"stability_coordinates": {
"CL": 1.02272727272730E-001,
"CD": 2.43386961998406E-004,
"CY": -7.21984333380282E-002,
"Cl": 2.53933540018788E-002,
"Cm": -1.97869561938588E-004,
"Cn": -3.79366406124255E-005
},
"body_coordinates": {
"CX": -2.43386961998406E-004,
"CY": -7.21984333380282E-002,
"CZ": -1.02272727272730E-001,
"Cl": 2.53933540018788E-002,
"Cm": -1.97869561938588E-004,
"Cn": -3.79366406124255E-005
}
},
"MyAirplane": {
"stability_coordinates": {
"CL": 2.04545454545460E-001,
"CD": 4.86773923996812E-004,
"CY": 0.00000000000000E+000,
"Cl": -1.38777878078145E-017,
"Cm": -3.95739123877176E-004,
"Cn": 1.21972744404619E-019
},
"body_coordinates": {
"CX": -4.86773923996812E-004,
"CY": 0.00000000000000E+000,
"CZ": -2.04545454545460E-001,
"Cl": -1.38777878078145E-017,
"Cm": -3.95739123877176E-004,
"Cn": 1.21972744404619E-019
}
}
}
}
