{
"inviscid": {
"Main_right": {
"stability_coordinates": {
"CL": 2.49999999999772E-001,
"CD": 5.15072107599484E-003,
"CY": -6.50676612542628E-003,
"Cl": -5.74153443551708E-002,
"Cm": 9.51510717139099E-005,
"Cn": 1.47561344201909E-003
},
"body_coordinates": {
"CX": -5.15072107599484E-003,
"CY": -6.50676612542628E-003,
"CZ": -2.49999999999772E-001,
"Cl": -5.74153443551708E-002,
"Cm": 9.51510717139099E-005,
"Cn": 1.47561344201909E-003
}
},
"Main_left": {
"stability_coordinates": {
"CL": 2.49999999999772E-001,
"CD": 5.15072107599484E-003,
"CY": 6.50676612542628E-003,
"Cl": 5.74153443551708E-002,
"Cm": 9.51510717139100E-005,
"Cn": -1.47561344201909E-003
},
"body_coordinates": {
"CX": -5.15072107599484E-003,
"CY": 6.50676612542628E-003,
"CZ": -2.49999999999772E-001,
"Cl": 5.74153443551708E-002,
"Cm": 9.51510717139100E-005,
"Cn": -1.47561344201909E-003
}
},
"MyAirplane": {
"stability_coordinates": {
"CL": 4.99999999999544E-001,
"CD": 1.03014421519897E-002,
"CY": 1.73472347597681E-018,
"Cl": 6.93889390390723E-018,
"Cm": 1.90302143427820E-004,
"Cn": -8.67361737988404E-019
},
"body_coordinates": {
"CX": -1.03014421519897E-002,
"CY": 1.73472347597681E-018,
"CZ": -4.99999999999544E-001,
"Cl": 6.93889390390723E-018,
"Cm": 1.90302143427820E-004,
"Cn": -8.67361737988404E-019
}
}
},
"viscous": {
"Main_right": {
"stability_coordinates": {
"CL": -0.00000000000000E+000,
"CD": -0.00000000000000E+000,
"CY": 0.00000000000000E+000,
"Cl": 0.00000000000000E+000,
"Cm": 0.00000000000000E+000,
"Cn": 0.00000000000000E+000
},
"body_coordinates": {
"CX": 0.00000000000000E+000,
"CY": 0.00000000000000E+000,
"CZ": 0.00000000000000E+000,
"Cl": 0.00000000000000E+000,
"Cm": 0.00000000000000E+000,
"Cn": 0.00000000000000E+000
}
},
"Main_left": {
"stability_coordinates": {
"CL": -0.00000000000000E+000,
"CD": -0.00000000000000E+000,
"CY": 0.00000000000000E+000,
"Cl": 0.00000000000000E+000,
"Cm": 0.00000000000000E+000,
"Cn": 0.00000000000000E+000
},
"body_coordinates": {
"CX": 0.00000000000000E+000,
"CY": 0.00000000000000E+000,
"CZ": 0.00000000000000E+000,
"Cl": 0.00000000000000E+000,
"Cm": 0.00000000000000E+000,
"Cn": 0.00000000000000E+000
}
},
"MyAirplane": {
"stability_coordinates": {
"CL": -0.00000000000000E+000,
"CD": -0.00000000000000E+000,
"CY": 0.00000000000000E+000,
"Cl": 0.00000000000000E+000,
"Cm": 0.00000000000000E+000,
"Cn": 0.00000000000000E+000
},
"body_coordinates": {
"CX": 0.00000000000000E+000,
"CY": 0.00000000000000E+000,
"CZ": 0.00000000000000E+000,
"Cl": 0.00000000000000E+000,
"Cm": 0.00000000000000E+000,
"Cn": 0.00000000000000E+000
}
}
},
"total": {
"Main_right": {
"stability_coordinates": {
"CL": 2.49999999999772E-001,
"CD": 5.15072107599484E-003,
"CY": -6.50676612542628E-003,
"Cl": -5.74153443551708E-002,
"Cm": 9.51510717139099E-005,
"Cn": 1.47561344201909E-003
},
"body_coordinates": {
"CX": -5.15072107599484E-003,
"CY": -6.50676612542628E-003,
"CZ": -2.49999999999772E-001,
"Cl": -5.74153443551708E-002,
"Cm": 9.51510717139099E-005,
"Cn": 1.47561344201909E-003
}
},
"Main_left": {
"stability_coordinates": {
"CL": 2.49999999999772E-001,
"CD": 5.15072107599484E-003,
"CY": 6.50676612542628E-003,
"Cl": 5.74153443551708E-002,
"Cm": 9.51510717139100E-005,
"Cn": -1.47561344201909E-003
},
"body_coordinates": {
"CX": -5.15072107599484E-003,
"CY": 6.50676612542628E-003,
"CZ": -2.49999999999772E-001,
"Cl": 5.74153443551708E-002,
"Cm": 9.51510717139100E-005,
"Cn": -1.47561344201909E-003
}
},
"MyAirplane": {
"stability_coordinates": {
"CL": 4.99999999999544E-001,
"CD": 1.03014421519897E-002,
"CY": 1.73472347597681E-018,
"Cl": 6.93889390390723E-018,
"Cm": 1.90302143427820E-004,
"Cn": -8.67361737988404E-019
},
"body_coordinates": {
"CX": -1.03014421519897E-002,
"CY": 1.73472347597681E-018,
"CZ": -4.99999999999544E-001,
"Cl": 6.93889390390723E-018,
"Cm": 1.90302143427820E-004,
"Cn": -8.67361737988404E-019
}
}
}
}
