{
"inviscid": {
"Main_right": {
"stability_coordinates": {
"CL": 1.90656565656492E-001,
"CD": 9.34361415386709E-004,
"CY": 1.31733033982173E-001,
"Cl": -4.78862184941636E-002,
"Cm": -7.54076378978706E-004,
"Cn": 1.48032990524239E-004
},
"body_coordinates": {
"CX": -9.34361415386709E-004,
"CY": 1.31733033982173E-001,
"CZ": -1.90656565656492E-001,
"Cl": -4.78862184941636E-002,
"Cm": -7.54076378978706E-004,
"Cn": 1.48032990524239E-004
}
},
"Main_left": {
"stability_coordinates": {
"CL": 1.90656565656492E-001,
"CD": 9.34361415386724E-004,
"CY": -1.31733033982173E-001,
"Cl": 4.78862184941636E-002,
"Cm": -7.54076378978705E-004,
"Cn": -1.48032990524239E-004
},
"body_coordinates": {
"CX": -9.34361415386724E-004,
"CY": -1.31733033982173E-001,
"CZ": -1.90656565656492E-001,
"Cl": 4.78862184941636E-002,
"Cm": -7.54076378978705E-004,
"Cn": -1.48032990524239E-004
}
},
"MyAirplane": {
"stability_coordinates": {
"CL": 3.81313131312983E-001,
"CD": 1.86872283077343E-003,
"CY": 0.00000000000000E+000,
"Cl": -6.93889390390723E-018,
"Cm": -1.50815275795741E-003,
"Cn": 1.08420217248550E-019
},
"body_coordinates": {
"CX": -1.86872283077343E-003,
"CY": 0.00000000000000E+000,
"CZ": -3.81313131312983E-001,
"Cl": -6.93889390390723E-018,
"Cm": -1.50815275795741E-003,
"Cn": 1.08420217248550E-019
}
}
},
"viscous": {
"Main_right": {
"stability_coordinates": {
"CL": -0.00000000000000E+000,
"CD": -0.00000000000000E+000,
"CY": 0.00000000000000E+000,
"Cl": 0.00000000000000E+000,
"Cm": 0.00000000000000E+000,
"Cn": 0.00000000000000E+000
},
"body_coordinates": {
"CX": 0.00000000000000E+000,
"CY": 0.00000000000000E+000,
"CZ": 0.00000000000000E+000,
"Cl": 0.00000000000000E+000,
"Cm": 0.00000000000000E+000,
"Cn": 0.00000000000000E+000
}
},
"Main_left": {
"stability_coordinates": {
"CL": -0.00000000000000E+000,
"CD": -0.00000000000000E+000,
"CY": 0.00000000000000E+000,
"Cl": 0.00000000000000E+000,
"Cm": 0.00000000000000E+000,
"Cn": 0.00000000000000E+000
},
"body_coordinates": {
"CX": 0.00000000000000E+000,
"CY": 0.00000000000000E+000,
"CZ": 0.00000000000000E+000,
"Cl": 0.00000000000000E+000,
"Cm": 0.00000000000000E+000,
"Cn": 0.00000000000000E+000
}
},
"MyAirplane": {
"stability_coordinates": {
"CL": -0.00000000000000E+000,
"CD": -0.00000000000000E+000,
"CY": 0.00000000000000E+000,
"Cl": 0.00000000000000E+000,
"Cm": 0.00000000000000E+000,
"Cn": 0.00000000000000E+000
},
"body_coordinates": {
"CX": 0.00000000000000E+000,
"CY": 0.00000000000000E+000,
"CZ": 0.00000000000000E+000,
"Cl": 0.00000000000000E+000,
"Cm": 0.00000000000000E+000,
"Cn": 0.00000000000000E+000
}
}
},
"total": {
"Main_right": {
"stability_coordinates": {
"CL": 1.90656565656492E-001,
"CD": 9.34361415386709E-004,
"CY": 1.31733033982173E-001,
"Cl": -4.78862184941636E-002,
"Cm": -7.54076378978706E-004,
"Cn": 1.48032990524239E-004
},
"body_coordinates": {
"CX": -9.34361415386709E-004,
"CY": 1.31733033982173E-001,
"CZ": -1.90656565656492E-001,
"Cl": -4.78862184941636E-002,
"Cm": -7.54076378978706E-004,
"Cn": 1.48032990524239E-004
}
},
"Main_left": {
"stability_coordinates": {
"CL": 1.90656565656492E-001,
"CD": 9.34361415386724E-004,
"CY": -1.31733033982173E-001,
"Cl": 4.78862184941636E-002,
"Cm": -7.54076378978705E-004,
"Cn": -1.48032990524239E-004
},
"body_coordinates": {
"CX": -9.34361415386724E-004,
"CY": -1.31733033982173E-001,
"CZ": -1.90656565656492E-001,
"Cl": 4.78862184941636E-002,
"Cm": -7.54076378978705E-004,
"Cn": -1.48032990524239E-004
}
},
"MyAirplane": {
"stability_coordinates": {
"CL": 3.81313131312983E-001,
"CD": 1.86872283077343E-003,
"CY": 0.00000000000000E+000,
"Cl": -6.93889390390723E-018,
"Cm": -1.50815275795741E-003,
"Cn": 1.08420217248550E-019
},
"body_coordinates": {
"CX": -1.86872283077343E-003,
"CY": 0.00000000000000E+000,
"CZ": -3.81313131312983E-001,
"Cl": -6.93889390390723E-018,
"Cm": -1.50815275795741E-003,
"Cn": 1.08420217248550E-019
}
}
}
}
