{
"inviscid": {
"Main_right": {
"stability_coordinates": {
"CL": 2.49999999999862E-001,
"CD": 4.72318744109079E-003,
"CY": -7.63148808486486E-003,
"Cl": -5.30616397375251E-002,
"Cm": 1.16725294619884E-004,
"Cn": 1.00232438414292E-003
},
"body_coordinates": {
"CX": -4.72318744109079E-003,
"CY": -7.63148808486486E-003,
"CZ": -2.49999999999862E-001,
"Cl": -5.30616397375251E-002,
"Cm": 1.16725294619884E-004,
"Cn": 1.00232438414292E-003
}
},
"Main_left": {
"stability_coordinates": {
"CL": 2.49999999999862E-001,
"CD": 4.72318744109079E-003,
"CY": 7.63148808486486E-003,
"Cl": 5.30616397375251E-002,
"Cm": 1.16725294619884E-004,
"Cn": -1.00232438414292E-003
},
"body_coordinates": {
"CX": -4.72318744109079E-003,
"CY": 7.63148808486486E-003,
"CZ": -2.49999999999862E-001,
"Cl": 5.30616397375251E-002,
"Cm": 1.16725294619884E-004,
"Cn": -1.00232438414292E-003
}
},
"MyAirplane": {
"stability_coordinates": {
"CL": 4.99999999999723E-001,
"CD": 9.44637488218157E-003,
"CY": 0.00000000000000E+000,
"Cl": 0.00000000000000E+000,
"Cm": 2.33450589239768E-004,
"Cn": -2.16840434497101E-019
},
"body_coordinates": {
"CX": -9.44637488218157E-003,
"CY": 0.00000000000000E+000,
"CZ": -4.99999999999723E-001,
"Cl": 0.00000000000000E+000,
"Cm": 2.33450589239768E-004,
"Cn": -2.16840434497101E-019
}
}
},
"viscous": {
"Main_right": {
"stability_coordinates": {
"CL": -0.00000000000000E+000,
"CD": -0.00000000000000E+000,
"CY": 0.00000000000000E+000,
"Cl": 0.00000000000000E+000,
"Cm": 0.00000000000000E+000,
"Cn": 0.00000000000000E+000
},
"body_coordinates": {
"CX": 0.00000000000000E+000,
"CY": 0.00000000000000E+000,
"CZ": 0.00000000000000E+000,
"Cl": 0.00000000000000E+000,
"Cm": 0.00000000000000E+000,
"Cn": 0.00000000000000E+000
}
},
"Main_left": {
"stability_coordinates": {
"CL": -0.00000000000000E+000,
"CD": -0.00000000000000E+000,
"CY": 0.00000000000000E+000,
"Cl": 0.00000000000000E+000,
"Cm": 0.00000000000000E+000,
"Cn": 0.00000000000000E+000
},
"body_coordinates": {
"CX": 0.00000000000000E+000,
"CY": 0.00000000000000E+000,
"CZ": 0.00000000000000E+000,
"Cl": 0.00000000000000E+000,
"Cm": 0.00000000000000E+000,
"Cn": 0.00000000000000E+000
}
},
"MyAirplane": {
"stability_coordinates": {
"CL": -0.00000000000000E+000,
"CD": -0.00000000000000E+000,
"CY": 0.00000000000000E+000,
"Cl": 0.00000000000000E+000,
"Cm": 0.00000000000000E+000,
"Cn": 0.00000000000000E+000
},
"body_coordinates": {
"CX": 0.00000000000000E+000,
"CY": 0.00000000000000E+000,
"CZ": 0.00000000000000E+000,
"Cl": 0.00000000000000E+000,
"Cm": 0.00000000000000E+000,
"Cn": 0.00000000000000E+000
}
}
},
"total": {
"Main_right": {
"stability_coordinates": {
"CL": 2.49999999999862E-001,
"CD": 4.72318744109079E-003,
"CY": -7.63148808486486E-003,
"Cl": -5.30616397375251E-002,
"Cm": 1.16725294619884E-004,
"Cn": 1.00232438414292E-003
},
"body_coordinates": {
"CX": -4.72318744109079E-003,
"CY": -7.63148808486486E-003,
"CZ": -2.49999999999862E-001,
"Cl": -5.30616397375251E-002,
"Cm": 1.16725294619884E-004,
"Cn": 1.00232438414292E-003
}
},
"Main_left": {
"stability_coordinates": {
"CL": 2.49999999999862E-001,
"CD": 4.72318744109079E-003,
"CY": 7.63148808486486E-003,
"Cl": 5.30616397375251E-002,
"Cm": 1.16725294619884E-004,
"Cn": -1.00232438414292E-003
},
"body_coordinates": {
"CX": -4.72318744109079E-003,
"CY": 7.63148808486486E-003,
"CZ": -2.49999999999862E-001,
"Cl": 5.30616397375251E-002,
"Cm": 1.16725294619884E-004,
"Cn": -1.00232438414292E-003
}
},
"MyAirplane": {
"stability_coordinates": {
"CL": 4.99999999999723E-001,
"CD": 9.44637488218157E-003,
"CY": 0.00000000000000E+000,
"Cl": 0.00000000000000E+000,
"Cm": 2.33450589239768E-004,
"Cn": -2.16840434497101E-019
},
"body_coordinates": {
"CX": -9.44637488218157E-003,
"CY": 0.00000000000000E+000,
"CZ": -4.99999999999723E-001,
"Cl": 0.00000000000000E+000,
"Cm": 2.33450589239768E-004,
"Cn": -2.16840434497101E-019
}
}
}
}
