{
"inviscid": {
"Main_right": {
"stability_coordinates": {
"CL": 2.50000000000000E-001,
"CD": 1.58273103229794E-003,
"CY": 1.61830795870125E-001,
"Cl": -6.39540149743436E-002,
"Cm": -1.26535040411896E-003,
"Cn": 2.68243888689109E-004
},
"body_coordinates": {
"CX": -1.58273103229794E-003,
"CY": 1.61830795870125E-001,
"CZ": -2.50000000000000E-001,
"Cl": -6.39540149743436E-002,
"Cm": -1.26535040411896E-003,
"Cn": 2.68243888689109E-004
}
},
"Main_left": {
"stability_coordinates": {
"CL": 2.50000000000000E-001,
"CD": 1.58273103229795E-003,
"CY": -1.61830795870125E-001,
"Cl": 6.39540149743435E-002,
"Cm": -1.26535040411896E-003,
"Cn": -2.68243888689110E-004
},
"body_coordinates": {
"CX": -1.58273103229795E-003,
"CY": -1.61830795870125E-001,
"CZ": -2.50000000000000E-001,
"Cl": 6.39540149743435E-002,
"Cm": -1.26535040411896E-003,
"Cn": -2.68243888689110E-004
}
},
"MyAirplane": {
"stability_coordinates": {
"CL": 4.99999999999999E-001,
"CD": 3.16546206459589E-003,
"CY": 5.55111512312578E-017,
"Cl": -2.77555756156289E-017,
"Cm": -2.53070080823792E-003,
"Cn": -9.75781955236954E-019
},
"body_coordinates": {
"CX": -3.16546206459589E-003,
"CY": 5.55111512312578E-017,
"CZ": -4.99999999999999E-001,
"Cl": -2.77555756156289E-017,
"Cm": -2.53070080823792E-003,
"Cn": -9.75781955236954E-019
}
}
},
"viscous": {
"Main_right": {
"stability_coordinates": {
"CL": -0.00000000000000E+000,
"CD": -0.00000000000000E+000,
"CY": 0.00000000000000E+000,
"Cl": 0.00000000000000E+000,
"Cm": 0.00000000000000E+000,
"Cn": 0.00000000000000E+000
},
"body_coordinates": {
"CX": 0.00000000000000E+000,
"CY": 0.00000000000000E+000,
"CZ": 0.00000000000000E+000,
"Cl": 0.00000000000000E+000,
"Cm": 0.00000000000000E+000,
"Cn": 0.00000000000000E+000
}
},
"Main_left": {
"stability_coordinates": {
"CL": -0.00000000000000E+000,
"CD": -0.00000000000000E+000,
"CY": 0.00000000000000E+000,
"Cl": 0.00000000000000E+000,
"Cm": 0.00000000000000E+000,
"Cn": 0.00000000000000E+000
},
"body_coordinates": {
"CX": 0.00000000000000E+000,
"CY": 0.00000000000000E+000,
"CZ": 0.00000000000000E+000,
"Cl": 0.00000000000000E+000,
"Cm": 0.00000000000000E+000,
"Cn": 0.00000000000000E+000
}
},
"MyAirplane": {
"stability_coordinates": {
"CL": -0.00000000000000E+000,
"CD": -0.00000000000000E+000,
"CY": 0.00000000000000E+000,
"Cl": 0.00000000000000E+000,
"Cm": 0.00000000000000E+000,
"Cn": 0.00000000000000E+000
},
"body_coordinates": {
"CX": 0.00000000000000E+000,
"CY": 0.00000000000000E+000,
"CZ": 0.00000000000000E+000,
"Cl": 0.00000000000000E+000,
"Cm": 0.00000000000000E+000,
"Cn": 0.00000000000000E+000
}
}
},
"total": {
"Main_right": {
"stability_coordinates": {
"CL": 2.50000000000000E-001,
"CD": 1.58273103229794E-003,
"CY": 1.61830795870125E-001,
"Cl": -6.39540149743436E-002,
"Cm": -1.26535040411896E-003,
"Cn": 2.68243888689109E-004
},
"body_coordinates": {
"CX": -1.58273103229794E-003,
"CY": 1.61830795870125E-001,
"CZ": -2.50000000000000E-001,
"Cl": -6.39540149743436E-002,
"Cm": -1.26535040411896E-003,
"Cn": 2.68243888689109E-004
}
},
"Main_left": {
"stability_coordinates": {
"CL": 2.50000000000000E-001,
"CD": 1.58273103229795E-003,
"CY": -1.61830795870125E-001,
"Cl": 6.39540149743435E-002,
"Cm": -1.26535040411896E-003,
"Cn": -2.68243888689110E-004
},
"body_coordinates": {
"CX": -1.58273103229795E-003,
"CY": -1.61830795870125E-001,
"CZ": -2.50000000000000E-001,
"Cl": 6.39540149743435E-002,
"Cm": -1.26535040411896E-003,
"Cn": -2.68243888689110E-004
}
},
"MyAirplane": {
"stability_coordinates": {
"CL": 4.99999999999999E-001,
"CD": 3.16546206459589E-003,
"CY": 5.55111512312578E-017,
"Cl": -2.77555756156289E-017,
"Cm": -2.53070080823792E-003,
"Cn": -9.75781955236954E-019
},
"body_coordinates": {
"CX": -3.16546206459589E-003,
"CY": 5.55111512312578E-017,
"CZ": -4.99999999999999E-001,
"Cl": -2.77555756156289E-017,
"Cm": -2.53070080823792E-003,
"Cn": -9.75781955236954E-019
}
}
}
}
