{
"inviscid": {
"Main_right": {
"stability_coordinates": {
"CL": 2.49999999999964E-001,
"CD": 1.39469283883945E-003,
"CY": 1.72357392817846E-001,
"Cl": -6.29497621641752E-002,
"Cm": -1.33263192972739E-003,
"Cn": 2.21794622165295E-004
},
"body_coordinates": {
"CX": -1.39469283883945E-003,
"CY": 1.72357392817846E-001,
"CZ": -2.49999999999964E-001,
"Cl": -6.29497621641752E-002,
"Cm": -1.33263192972739E-003,
"Cn": 2.21794622165295E-004
}
},
"Main_left": {
"stability_coordinates": {
"CL": 2.49999999999964E-001,
"CD": 1.39469283883946E-003,
"CY": -1.72357392817846E-001,
"Cl": 6.29497621641751E-002,
"Cm": -1.33263192972739E-003,
"Cn": -2.21794622165296E-004
},
"body_coordinates": {
"CX": -1.39469283883946E-003,
"CY": -1.72357392817846E-001,
"CZ": -2.49999999999964E-001,
"Cl": 6.29497621641751E-002,
"Cm": -1.33263192972739E-003,
"Cn": -2.21794622165296E-004
}
},
"MyAirplane": {
"stability_coordinates": {
"CL": 4.99999999999929E-001,
"CD": 2.78938567767892E-003,
"CY": 0.00000000000000E+000,
"Cl": -2.35106052273563E-017,
"Cm": -2.66526385945478E-003,
"Cn": -6.42868111685523E-019
},
"body_coordinates": {
"CX": -2.78938567767892E-003,
"CY": 0.00000000000000E+000,
"CZ": -4.99999999999929E-001,
"Cl": -2.35106052273563E-017,
"Cm": -2.66526385945478E-003,
"Cn": -6.42868111685523E-019
}
}
},
"viscous": {
"Main_right": {
"stability_coordinates": {
"CL": -0.00000000000000E+000,
"CD": -0.00000000000000E+000,
"CY": 0.00000000000000E+000,
"Cl": 0.00000000000000E+000,
"Cm": 0.00000000000000E+000,
"Cn": 0.00000000000000E+000
},
"body_coordinates": {
"CX": 0.00000000000000E+000,
"CY": 0.00000000000000E+000,
"CZ": 0.00000000000000E+000,
"Cl": 0.00000000000000E+000,
"Cm": 0.00000000000000E+000,
"Cn": 0.00000000000000E+000
}
},
"Main_left": {
"stability_coordinates": {
"CL": -0.00000000000000E+000,
"CD": -0.00000000000000E+000,
"CY": 0.00000000000000E+000,
"Cl": 0.00000000000000E+000,
"Cm": 0.00000000000000E+000,
"Cn": 0.00000000000000E+000
},
"body_coordinates": {
"CX": 0.00000000000000E+000,
"CY": 0.00000000000000E+000,
"CZ": 0.00000000000000E+000,
"Cl": 0.00000000000000E+000,
"Cm": 0.00000000000000E+000,
"Cn": 0.00000000000000E+000
}
},
"MyAirplane": {
"stability_coordinates": {
"CL": -0.00000000000000E+000,
"CD": -0.00000000000000E+000,
"CY": 0.00000000000000E+000,
"Cl": 0.00000000000000E+000,
"Cm": 0.00000000000000E+000,
"Cn": 0.00000000000000E+000
},
"body_coordinates": {
"CX": 0.00000000000000E+000,
"CY": 0.00000000000000E+000,
"CZ": 0.00000000000000E+000,
"Cl": 0.00000000000000E+000,
"Cm": 0.00000000000000E+000,
"Cn": 0.00000000000000E+000
}
}
},
"total": {
"Main_right": {
"stability_coordinates": {
"CL": 2.49999999999964E-001,
"CD": 1.39469283883945E-003,
"CY": 1.72357392817846E-001,
"Cl": -6.29497621641752E-002,
"Cm": -1.33263192972739E-003,
"Cn": 2.21794622165295E-004
},
"body_coordinates": {
"CX": -1.39469283883945E-003,
"CY": 1.72357392817846E-001,
"CZ": -2.49999999999964E-001,
"Cl": -6.29497621641752E-002,
"Cm": -1.33263192972739E-003,
"Cn": 2.21794622165295E-004
}
},
"Main_left": {
"stability_coordinates": {
"CL": 2.49999999999964E-001,
"CD": 1.39469283883946E-003,
"CY": -1.72357392817846E-001,
"Cl": 6.29497621641751E-002,
"Cm": -1.33263192972739E-003,
"Cn": -2.21794622165296E-004
},
"body_coordinates": {
"CX": -1.39469283883946E-003,
"CY": -1.72357392817846E-001,
"CZ": -2.49999999999964E-001,
"Cl": 6.29497621641751E-002,
"Cm": -1.33263192972739E-003,
"Cn": -2.21794622165296E-004
}
},
"MyAirplane": {
"stability_coordinates": {
"CL": 4.99999999999929E-001,
"CD": 2.78938567767892E-003,
"CY": 0.00000000000000E+000,
"Cl": -2.35106052273563E-017,
"Cm": -2.66526385945478E-003,
"Cn": -6.42868111685523E-019
},
"body_coordinates": {
"CX": -2.78938567767892E-003,
"CY": 0.00000000000000E+000,
"CZ": -4.99999999999929E-001,
"Cl": -2.35106052273563E-017,
"Cm": -2.66526385945478E-003,
"Cn": -6.42868111685523E-019
}
}
}
}
