{
"inviscid": {
"Main_right": {
"stability_coordinates": {
"CL": 2.49999995240284E-001,
"CD": 1.55285386503991E-003,
"CY": 1.60434549900249E-001,
"Cl": -6.42542487720347E-002,
"Cm": -1.28610016817851E-003,
"Cn": 2.64769201704335E-004
},
"body_coordinates": {
"CX": -1.55285386503991E-003,
"CY": 1.60434549900249E-001,
"CZ": -2.49999995240284E-001,
"Cl": -6.42542487720347E-002,
"Cm": -1.28610016817851E-003,
"Cn": 2.64769201704335E-004
}
},
"Main_left": {
"stability_coordinates": {
"CL": 2.49999995240284E-001,
"CD": 1.55285386503991E-003,
"CY": -1.60434549900249E-001,
"Cl": 6.42542487720347E-002,
"Cm": -1.28610016817852E-003,
"Cn": -2.64769201704336E-004
},
"body_coordinates": {
"CX": -1.55285386503991E-003,
"CY": -1.60434549900249E-001,
"CZ": -2.49999995240284E-001,
"Cl": 6.42542487720347E-002,
"Cm": -1.28610016817852E-003,
"Cn": -2.64769201704336E-004
}
},
"MyAirplane": {
"stability_coordinates": {
"CL": 4.99999990480568E-001,
"CD": 3.10570773007982E-003,
"CY": 2.77555756156289E-017,
"Cl": 2.77555756156289E-017,
"Cm": -2.57220033635703E-003,
"Cn": -7.58941520739853E-019
},
"body_coordinates": {
"CX": -3.10570773007982E-003,
"CY": 2.77555756156289E-017,
"CZ": -4.99999990480568E-001,
"Cl": 2.77555756156289E-017,
"Cm": -2.57220033635703E-003,
"Cn": -7.58941520739853E-019
}
}
},
"viscous": {
"Main_right": {
"stability_coordinates": {
"CL": -0.00000000000000E+000,
"CD": -0.00000000000000E+000,
"CY": 0.00000000000000E+000,
"Cl": 0.00000000000000E+000,
"Cm": 0.00000000000000E+000,
"Cn": 0.00000000000000E+000
},
"body_coordinates": {
"CX": 0.00000000000000E+000,
"CY": 0.00000000000000E+000,
"CZ": 0.00000000000000E+000,
"Cl": 0.00000000000000E+000,
"Cm": 0.00000000000000E+000,
"Cn": 0.00000000000000E+000
}
},
"Main_left": {
"stability_coordinates": {
"CL": -0.00000000000000E+000,
"CD": -0.00000000000000E+000,
"CY": 0.00000000000000E+000,
"Cl": 0.00000000000000E+000,
"Cm": 0.00000000000000E+000,
"Cn": 0.00000000000000E+000
},
"body_coordinates": {
"CX": 0.00000000000000E+000,
"CY": 0.00000000000000E+000,
"CZ": 0.00000000000000E+000,
"Cl": 0.00000000000000E+000,
"Cm": 0.00000000000000E+000,
"Cn": 0.00000000000000E+000
}
},
"MyAirplane": {
"stability_coordinates": {
"CL": -0.00000000000000E+000,
"CD": -0.00000000000000E+000,
"CY": 0.00000000000000E+000,
"Cl": 0.00000000000000E+000,
"Cm": 0.00000000000000E+000,
"Cn": 0.00000000000000E+000
},
"body_coordinates": {
"CX": 0.00000000000000E+000,
"CY": 0.00000000000000E+000,
"CZ": 0.00000000000000E+000,
"Cl": 0.00000000000000E+000,
"Cm": 0.00000000000000E+000,
"Cn": 0.00000000000000E+000
}
}
},
"total": {
"Main_right": {
"stability_coordinates": {
"CL": 2.49999995240284E-001,
"CD": 1.55285386503991E-003,
"CY": 1.60434549900249E-001,
"Cl": -6.42542487720347E-002,
"Cm": -1.28610016817851E-003,
"Cn": 2.64769201704335E-004
},
"body_coordinates": {
"CX": -1.55285386503991E-003,
"CY": 1.60434549900249E-001,
"CZ": -2.49999995240284E-001,
"Cl": -6.42542487720347E-002,
"Cm": -1.28610016817851E-003,
"Cn": 2.64769201704335E-004
}
},
"Main_left": {
"stability_coordinates": {
"CL": 2.49999995240284E-001,
"CD": 1.55285386503991E-003,
"CY": -1.60434549900249E-001,
"Cl": 6.42542487720347E-002,
"Cm": -1.28610016817852E-003,
"Cn": -2.64769201704336E-004
},
"body_coordinates": {
"CX": -1.55285386503991E-003,
"CY": -1.60434549900249E-001,
"CZ": -2.49999995240284E-001,
"Cl": 6.42542487720347E-002,
"Cm": -1.28610016817852E-003,
"Cn": -2.64769201704336E-004
}
},
"MyAirplane": {
"stability_coordinates": {
"CL": 4.99999990480568E-001,
"CD": 3.10570773007982E-003,
"CY": 2.77555756156289E-017,
"Cl": 2.77555756156289E-017,
"Cm": -2.57220033635703E-003,
"Cn": -7.58941520739853E-019
},
"body_coordinates": {
"CX": -3.10570773007982E-003,
"CY": 2.77555756156289E-017,
"CZ": -4.99999990480568E-001,
"Cl": 2.77555756156289E-017,
"Cm": -2.57220033635703E-003,
"Cn": -7.58941520739853E-019
}
}
}
}
