{
"inviscid": {
"Main_right": {
"stability_coordinates": {
"CL": 3.67424242424244E-001,
"CD": 4.09023454446497E-003,
"CY": 2.38727766441481E-001,
"Cl": -9.44431013045056E-002,
"Cm": -3.18994660879541E-003,
"Cn": 6.87460252352509E-004
},
"body_coordinates": {
"CX": -4.09023454446497E-003,
"CY": 2.38727766441481E-001,
"CZ": -3.67424242424244E-001,
"Cl": -9.44431013045056E-002,
"Cm": -3.18994660879541E-003,
"Cn": 6.87460252352509E-004
}
},
"Main_left": {
"stability_coordinates": {
"CL": 3.67424242424244E-001,
"CD": 4.09023454446503E-003,
"CY": -2.38727766441481E-001,
"Cl": 9.44431013045056E-002,
"Cm": -3.18994660879542E-003,
"Cn": -6.87460252352511E-004
},
"body_coordinates": {
"CX": -4.09023454446503E-003,
"CY": -2.38727766441481E-001,
"CZ": -3.67424242424244E-001,
"Cl": 9.44431013045056E-002,
"Cm": -3.18994660879542E-003,
"Cn": -6.87460252352511E-004
}
},
"MyAirplane": {
"stability_coordinates": {
"CL": 7.34848484848487E-001,
"CD": 8.18046908893000E-003,
"CY": -5.55111512312578E-017,
"Cl": -1.38777878078145E-017,
"Cm": -6.37989321759083E-003,
"Cn": -2.27682456221956E-018
},
"body_coordinates": {
"CX": -8.18046908893000E-003,
"CY": -5.55111512312578E-017,
"CZ": -7.34848484848487E-001,
"Cl": -1.38777878078145E-017,
"Cm": -6.37989321759083E-003,
"Cn": -2.27682456221956E-018
}
}
},
"viscous": {
"Main_right": {
"stability_coordinates": {
"CL": -0.00000000000000E+000,
"CD": -0.00000000000000E+000,
"CY": 0.00000000000000E+000,
"Cl": 0.00000000000000E+000,
"Cm": 0.00000000000000E+000,
"Cn": 0.00000000000000E+000
},
"body_coordinates": {
"CX": 0.00000000000000E+000,
"CY": 0.00000000000000E+000,
"CZ": 0.00000000000000E+000,
"Cl": 0.00000000000000E+000,
"Cm": 0.00000000000000E+000,
"Cn": 0.00000000000000E+000
}
},
"Main_left": {
"stability_coordinates": {
"CL": -0.00000000000000E+000,
"CD": -0.00000000000000E+000,
"CY": 0.00000000000000E+000,
"Cl": 0.00000000000000E+000,
"Cm": 0.00000000000000E+000,
"Cn": 0.00000000000000E+000
},
"body_coordinates": {
"CX": 0.00000000000000E+000,
"CY": 0.00000000000000E+000,
"CZ": 0.00000000000000E+000,
"Cl": 0.00000000000000E+000,
"Cm": 0.00000000000000E+000,
"Cn": 0.00000000000000E+000
}
},
"MyAirplane": {
"stability_coordinates": {
"CL": -0.00000000000000E+000,
"CD": -0.00000000000000E+000,
"CY": 0.00000000000000E+000,
"Cl": 0.00000000000000E+000,
"Cm": 0.00000000000000E+000,
"Cn": 0.00000000000000E+000
},
"body_coordinates": {
"CX": 0.00000000000000E+000,
"CY": 0.00000000000000E+000,
"CZ": 0.00000000000000E+000,
"Cl": 0.00000000000000E+000,
"Cm": 0.00000000000000E+000,
"Cn": 0.00000000000000E+000
}
}
},
"total": {
"Main_right": {
"stability_coordinates": {
"CL": 3.67424242424244E-001,
"CD": 4.09023454446497E-003,
"CY": 2.38727766441481E-001,
"Cl": -9.44431013045056E-002,
"Cm": -3.18994660879541E-003,
"Cn": 6.87460252352509E-004
},
"body_coordinates": {
"CX": -4.09023454446497E-003,
"CY": 2.38727766441481E-001,
"CZ": -3.67424242424244E-001,
"Cl": -9.44431013045056E-002,
"Cm": -3.18994660879541E-003,
"Cn": 6.87460252352509E-004
}
},
"Main_left": {
"stability_coordinates": {
"CL": 3.67424242424244E-001,
"CD": 4.09023454446503E-003,
"CY": -2.38727766441481E-001,
"Cl": 9.44431013045056E-002,
"Cm": -3.18994660879542E-003,
"Cn": -6.87460252352511E-004
},
"body_coordinates": {
"CX": -4.09023454446503E-003,
"CY": -2.38727766441481E-001,
"CZ": -3.67424242424244E-001,
"Cl": 9.44431013045056E-002,
"Cm": -3.18994660879542E-003,
"Cn": -6.87460252352511E-004
}
},
"MyAirplane": {
"stability_coordinates": {
"CL": 7.34848484848487E-001,
"CD": 8.18046908893000E-003,
"CY": -5.55111512312578E-017,
"Cl": -1.38777878078145E-017,
"Cm": -6.37989321759083E-003,
"Cn": -2.27682456221956E-018
},
"body_coordinates": {
"CX": -8.18046908893000E-003,
"CY": -5.55111512312578E-017,
"CZ": -7.34848484848487E-001,
"Cl": -1.38777878078145E-017,
"Cm": -6.37989321759083E-003,
"Cn": -2.27682456221956E-018
}
}
}
}
