{
"inviscid": {
"Main_right": {
"stability_coordinates": {
"CL": 2.49999999999974E-001,
"CD": 4.66449986338566E-003,
"CY": -5.16633217011399E-003,
"Cl": -5.30619110966962E-002,
"Cm": 5.29526967416909E-005,
"Cn": 9.90882239828475E-004
},
"body_coordinates": {
"CX": -4.66449986338566E-003,
"CY": -5.16633217011399E-003,
"CZ": -2.49999999999974E-001,
"Cl": -5.30619110966962E-002,
"Cm": 5.29526967416909E-005,
"Cn": 9.90882239828475E-004
}
},
"Main_left": {
"stability_coordinates": {
"CL": 2.49999999999974E-001,
"CD": 4.66449986338566E-003,
"CY": 5.16633217011399E-003,
"Cl": 5.30619110966962E-002,
"Cm": 5.29526967416908E-005,
"Cn": -9.90882239828474E-004
},
"body_coordinates": {
"CX": -4.66449986338566E-003,
"CY": 5.16633217011399E-003,
"CZ": -2.49999999999974E-001,
"Cl": 5.30619110966962E-002,
"Cm": 5.29526967416908E-005,
"Cn": -9.90882239828474E-004
}
},
"MyAirplane": {
"stability_coordinates": {
"CL": 4.99999999999947E-001,
"CD": 9.32899972677131E-003,
"CY": 2.60208521396521E-018,
"Cl": 6.93889390390723E-018,
"Cm": 1.05905393483382E-004,
"Cn": 2.16840434497101E-019
},
"body_coordinates": {
"CX": -9.32899972677131E-003,
"CY": 2.60208521396521E-018,
"CZ": -4.99999999999947E-001,
"Cl": 6.93889390390723E-018,
"Cm": 1.05905393483382E-004,
"Cn": 2.16840434497101E-019
}
}
},
"viscous": {
"Main_right": {
"stability_coordinates": {
"CL": -0.00000000000000E+000,
"CD": -0.00000000000000E+000,
"CY": 0.00000000000000E+000,
"Cl": 0.00000000000000E+000,
"Cm": 0.00000000000000E+000,
"Cn": 0.00000000000000E+000
},
"body_coordinates": {
"CX": 0.00000000000000E+000,
"CY": 0.00000000000000E+000,
"CZ": 0.00000000000000E+000,
"Cl": 0.00000000000000E+000,
"Cm": 0.00000000000000E+000,
"Cn": 0.00000000000000E+000
}
},
"Main_left": {
"stability_coordinates": {
"CL": -0.00000000000000E+000,
"CD": -0.00000000000000E+000,
"CY": 0.00000000000000E+000,
"Cl": 0.00000000000000E+000,
"Cm": 0.00000000000000E+000,
"Cn": 0.00000000000000E+000
},
"body_coordinates": {
"CX": 0.00000000000000E+000,
"CY": 0.00000000000000E+000,
"CZ": 0.00000000000000E+000,
"Cl": 0.00000000000000E+000,
"Cm": 0.00000000000000E+000,
"Cn": 0.00000000000000E+000
}
},
"MyAirplane": {
"stability_coordinates": {
"CL": -0.00000000000000E+000,
"CD": -0.00000000000000E+000,
"CY": 0.00000000000000E+000,
"Cl": 0.00000000000000E+000,
"Cm": 0.00000000000000E+000,
"Cn": 0.00000000000000E+000
},
"body_coordinates": {
"CX": 0.00000000000000E+000,
"CY": 0.00000000000000E+000,
"CZ": 0.00000000000000E+000,
"Cl": 0.00000000000000E+000,
"Cm": 0.00000000000000E+000,
"Cn": 0.00000000000000E+000
}
}
},
"total": {
"Main_right": {
"stability_coordinates": {
"CL": 2.49999999999974E-001,
"CD": 4.66449986338566E-003,
"CY": -5.16633217011399E-003,
"Cl": -5.30619110966962E-002,
"Cm": 5.29526967416909E-005,
"Cn": 9.90882239828475E-004
},
"body_coordinates": {
"CX": -4.66449986338566E-003,
"CY": -5.16633217011399E-003,
"CZ": -2.49999999999974E-001,
"Cl": -5.30619110966962E-002,
"Cm": 5.29526967416909E-005,
"Cn": 9.90882239828475E-004
}
},
"Main_left": {
"stability_coordinates": {
"CL": 2.49999999999974E-001,
"CD": 4.66449986338566E-003,
"CY": 5.16633217011399E-003,
"Cl": 5.30619110966962E-002,
"Cm": 5.29526967416908E-005,
"Cn": -9.90882239828474E-004
},
"body_coordinates": {
"CX": -4.66449986338566E-003,
"CY": 5.16633217011399E-003,
"CZ": -2.49999999999974E-001,
"Cl": 5.30619110966962E-002,
"Cm": 5.29526967416908E-005,
"Cn": -9.90882239828474E-004
}
},
"MyAirplane": {
"stability_coordinates": {
"CL": 4.99999999999947E-001,
"CD": 9.32899972677131E-003,
"CY": 2.60208521396521E-018,
"Cl": 6.93889390390723E-018,
"Cm": 1.05905393483382E-004,
"Cn": 2.16840434497101E-019
},
"body_coordinates": {
"CX": -9.32899972677131E-003,
"CY": 2.60208521396521E-018,
"CZ": -4.99999999999947E-001,
"Cl": 6.93889390390723E-018,
"Cm": 1.05905393483382E-004,
"Cn": 2.16840434497101E-019
}
}
}
}
