{
"inviscid": {
"Main_right": {
"stability_coordinates": {
"CL": 2.21590909480356E-001,
"CD": 1.30304761293305E-003,
"CY": 1.51805680366656E-001,
"Cl": -5.59109055659064E-002,
"Cm": -1.05579317995543E-003,
"Cn": 2.09492241437511E-004
},
"body_coordinates": {
"CX": -1.30304761293305E-003,
"CY": 1.51805680366656E-001,
"CZ": -2.21590909480356E-001,
"Cl": -5.59109055659064E-002,
"Cm": -1.05579317995543E-003,
"Cn": 2.09492241437511E-004
}
},
"Main_left": {
"stability_coordinates": {
"CL": 2.21590909480356E-001,
"CD": 1.30304761293304E-003,
"CY": -1.51805680366656E-001,
"Cl": 5.59109055659064E-002,
"Cm": -1.05579317995543E-003,
"Cn": -2.09492241437510E-004
},
"body_coordinates": {
"CX": -1.30304761293304E-003,
"CY": -1.51805680366656E-001,
"CZ": -2.21590909480356E-001,
"Cl": 5.59109055659064E-002,
"Cm": -1.05579317995543E-003,
"Cn": -2.09492241437510E-004
}
},
"MyAirplane": {
"stability_coordinates": {
"CL": 4.43181818960713E-001,
"CD": 2.60609522586609E-003,
"CY": 2.77555756156289E-017,
"Cl": 1.38777878078145E-017,
"Cm": -2.11158635991086E-003,
"Cn": 1.11130722679764E-018
},
"body_coordinates": {
"CX": -2.60609522586609E-003,
"CY": 2.77555756156289E-017,
"CZ": -4.43181818960713E-001,
"Cl": 1.38777878078145E-017,
"Cm": -2.11158635991086E-003,
"Cn": 1.11130722679764E-018
}
}
},
"viscous": {
"Main_right": {
"stability_coordinates": {
"CL": -0.00000000000000E+000,
"CD": -0.00000000000000E+000,
"CY": 0.00000000000000E+000,
"Cl": 0.00000000000000E+000,
"Cm": 0.00000000000000E+000,
"Cn": 0.00000000000000E+000
},
"body_coordinates": {
"CX": 0.00000000000000E+000,
"CY": 0.00000000000000E+000,
"CZ": 0.00000000000000E+000,
"Cl": 0.00000000000000E+000,
"Cm": 0.00000000000000E+000,
"Cn": 0.00000000000000E+000
}
},
"Main_left": {
"stability_coordinates": {
"CL": -0.00000000000000E+000,
"CD": -0.00000000000000E+000,
"CY": 0.00000000000000E+000,
"Cl": 0.00000000000000E+000,
"Cm": 0.00000000000000E+000,
"Cn": 0.00000000000000E+000
},
"body_coordinates": {
"CX": 0.00000000000000E+000,
"CY": 0.00000000000000E+000,
"CZ": 0.00000000000000E+000,
"Cl": 0.00000000000000E+000,
"Cm": 0.00000000000000E+000,
"Cn": 0.00000000000000E+000
}
},
"MyAirplane": {
"stability_coordinates": {
"CL": -0.00000000000000E+000,
"CD": -0.00000000000000E+000,
"CY": 0.00000000000000E+000,
"Cl": 0.00000000000000E+000,
"Cm": 0.00000000000000E+000,
"Cn": 0.00000000000000E+000
},
"body_coordinates": {
"CX": 0.00000000000000E+000,
"CY": 0.00000000000000E+000,
"CZ": 0.00000000000000E+000,
"Cl": 0.00000000000000E+000,
"Cm": 0.00000000000000E+000,
"Cn": 0.00000000000000E+000
}
}
},
"total": {
"Main_right": {
"stability_coordinates": {
"CL": 2.21590909480356E-001,
"CD": 1.30304761293305E-003,
"CY": 1.51805680366656E-001,
"Cl": -5.59109055659064E-002,
"Cm": -1.05579317995543E-003,
"Cn": 2.09492241437511E-004
},
"body_coordinates": {
"CX": -1.30304761293305E-003,
"CY": 1.51805680366656E-001,
"CZ": -2.21590909480356E-001,
"Cl": -5.59109055659064E-002,
"Cm": -1.05579317995543E-003,
"Cn": 2.09492241437511E-004
}
},
"Main_left": {
"stability_coordinates": {
"CL": 2.21590909480356E-001,
"CD": 1.30304761293304E-003,
"CY": -1.51805680366656E-001,
"Cl": 5.59109055659064E-002,
"Cm": -1.05579317995543E-003,
"Cn": -2.09492241437510E-004
},
"body_coordinates": {
"CX": -1.30304761293304E-003,
"CY": -1.51805680366656E-001,
"CZ": -2.21590909480356E-001,
"Cl": 5.59109055659064E-002,
"Cm": -1.05579317995543E-003,
"Cn": -2.09492241437510E-004
}
},
"MyAirplane": {
"stability_coordinates": {
"CL": 4.43181818960713E-001,
"CD": 2.60609522586609E-003,
"CY": 2.77555756156289E-017,
"Cl": 1.38777878078145E-017,
"Cm": -2.11158635991086E-003,
"Cn": 1.11130722679764E-018
},
"body_coordinates": {
"CX": -2.60609522586609E-003,
"CY": 2.77555756156289E-017,
"CZ": -4.43181818960713E-001,
"Cl": 1.38777878078145E-017,
"Cm": -2.11158635991086E-003,
"Cn": 1.11130722679764E-018
}
}
}
}
