{
"inviscid": {
"Main_right": {
"stability_coordinates": {
"CL": 2.49999999999960E-001,
"CD": 3.48016172128790E-003,
"CY": 9.98956111669811E-002,
"Cl": -5.27971062021560E-002,
"Cm": -7.60869439928521E-004,
"Cn": 6.02759863734722E-004
},
"body_coordinates": {
"CX": -3.48016172128790E-003,
"CY": 9.98956111669811E-002,
"CZ": -2.49999999999960E-001,
"Cl": -5.27971062021560E-002,
"Cm": -7.60869439928521E-004,
"Cn": 6.02759863734722E-004
}
},
"Main_left": {
"stability_coordinates": {
"CL": 2.49999999999960E-001,
"CD": 3.48016172128790E-003,
"CY": -9.98956111669811E-002,
"Cl": 5.27971062021560E-002,
"Cm": -7.60869439928524E-004,
"Cn": -6.02759863734722E-004
},
"body_coordinates": {
"CX": -3.48016172128790E-003,
"CY": -9.98956111669811E-002,
"CZ": -2.49999999999960E-001,
"Cl": 5.27971062021560E-002,
"Cm": -7.60869439928524E-004,
"Cn": -6.02759863734722E-004
}
},
"MyAirplane": {
"stability_coordinates": {
"CL": 4.99999999999920E-001,
"CD": 6.96032344257580E-003,
"CY": 0.00000000000000E+000,
"Cl": -1.38777878078145E-017,
"Cm": -1.52173887985704E-003,
"Cn": -5.42101086242752E-019
},
"body_coordinates": {
"CX": -6.96032344257580E-003,
"CY": 0.00000000000000E+000,
"CZ": -4.99999999999920E-001,
"Cl": -1.38777878078145E-017,
"Cm": -1.52173887985704E-003,
"Cn": -5.42101086242752E-019
}
}
},
"viscous": {
"Main_right": {
"stability_coordinates": {
"CL": -0.00000000000000E+000,
"CD": -0.00000000000000E+000,
"CY": 0.00000000000000E+000,
"Cl": 0.00000000000000E+000,
"Cm": 0.00000000000000E+000,
"Cn": 0.00000000000000E+000
},
"body_coordinates": {
"CX": 0.00000000000000E+000,
"CY": 0.00000000000000E+000,
"CZ": 0.00000000000000E+000,
"Cl": 0.00000000000000E+000,
"Cm": 0.00000000000000E+000,
"Cn": 0.00000000000000E+000
}
},
"Main_left": {
"stability_coordinates": {
"CL": -0.00000000000000E+000,
"CD": -0.00000000000000E+000,
"CY": 0.00000000000000E+000,
"Cl": 0.00000000000000E+000,
"Cm": 0.00000000000000E+000,
"Cn": 0.00000000000000E+000
},
"body_coordinates": {
"CX": 0.00000000000000E+000,
"CY": 0.00000000000000E+000,
"CZ": 0.00000000000000E+000,
"Cl": 0.00000000000000E+000,
"Cm": 0.00000000000000E+000,
"Cn": 0.00000000000000E+000
}
},
"MyAirplane": {
"stability_coordinates": {
"CL": -0.00000000000000E+000,
"CD": -0.00000000000000E+000,
"CY": 0.00000000000000E+000,
"Cl": 0.00000000000000E+000,
"Cm": 0.00000000000000E+000,
"Cn": 0.00000000000000E+000
},
"body_coordinates": {
"CX": 0.00000000000000E+000,
"CY": 0.00000000000000E+000,
"CZ": 0.00000000000000E+000,
"Cl": 0.00000000000000E+000,
"Cm": 0.00000000000000E+000,
"Cn": 0.00000000000000E+000
}
}
},
"total": {
"Main_right": {
"stability_coordinates": {
"CL": 2.49999999999960E-001,
"CD": 3.48016172128790E-003,
"CY": 9.98956111669811E-002,
"Cl": -5.27971062021560E-002,
"Cm": -7.60869439928521E-004,
"Cn": 6.02759863734722E-004
},
"body_coordinates": {
"CX": -3.48016172128790E-003,
"CY": 9.98956111669811E-002,
"CZ": -2.49999999999960E-001,
"Cl": -5.27971062021560E-002,
"Cm": -7.60869439928521E-004,
"Cn": 6.02759863734722E-004
}
},
"Main_left": {
"stability_coordinates": {
"CL": 2.49999999999960E-001,
"CD": 3.48016172128790E-003,
"CY": -9.98956111669811E-002,
"Cl": 5.27971062021560E-002,
"Cm": -7.60869439928524E-004,
"Cn": -6.02759863734722E-004
},
"body_coordinates": {
"CX": -3.48016172128790E-003,
"CY": -9.98956111669811E-002,
"CZ": -2.49999999999960E-001,
"Cl": 5.27971062021560E-002,
"Cm": -7.60869439928524E-004,
"Cn": -6.02759863734722E-004
}
},
"MyAirplane": {
"stability_coordinates": {
"CL": 4.99999999999920E-001,
"CD": 6.96032344257580E-003,
"CY": 0.00000000000000E+000,
"Cl": -1.38777878078145E-017,
"Cm": -1.52173887985704E-003,
"Cn": -5.42101086242752E-019
},
"body_coordinates": {
"CX": -6.96032344257580E-003,
"CY": 0.00000000000000E+000,
"CZ": -4.99999999999920E-001,
"Cl": -1.38777878078145E-017,
"Cm": -1.52173887985704E-003,
"Cn": -5.42101086242752E-019
}
}
}
}
