{
"inviscid": {
"Main_right": {
"stability_coordinates": {
"CL": 2.49999999999988E-001,
"CD": 2.33450349235585E-003,
"CY": 1.44843243081293E-001,
"Cl": -5.88418838200866E-002,
"Cm": -5.67911504213606E-004,
"Cn": 3.60764892422785E-004
},
"body_coordinates": {
"CX": -2.33450349235585E-003,
"CY": 1.44843243081293E-001,
"CZ": -2.49999999999988E-001,
"Cl": -5.88418838200866E-002,
"Cm": -5.67911504213606E-004,
"Cn": 3.60764892422785E-004
}
},
"Main_left": {
"stability_coordinates": {
"CL": 2.49999999999988E-001,
"CD": 2.33450349235585E-003,
"CY": -1.44843243081293E-001,
"Cl": 5.88418838200866E-002,
"Cm": -5.67911504213609E-004,
"Cn": -3.60764892422786E-004
},
"body_coordinates": {
"CX": -2.33450349235585E-003,
"CY": -1.44843243081293E-001,
"CZ": -2.49999999999988E-001,
"Cl": 5.88418838200866E-002,
"Cm": -5.67911504213609E-004,
"Cn": -3.60764892422786E-004
}
},
"MyAirplane": {
"stability_coordinates": {
"CL": 4.99999999999976E-001,
"CD": 4.66900698471170E-003,
"CY": 8.32667268468867E-017,
"Cl": -1.38777878078145E-017,
"Cm": -1.13582300842721E-003,
"Cn": -9.21571846612679E-019
},
"body_coordinates": {
"CX": -4.66900698471170E-003,
"CY": 8.32667268468867E-017,
"CZ": -4.99999999999976E-001,
"Cl": -1.38777878078145E-017,
"Cm": -1.13582300842721E-003,
"Cn": -9.21571846612679E-019
}
}
},
"viscous": {
"Main_right": {
"stability_coordinates": {
"CL": -0.00000000000000E+000,
"CD": -0.00000000000000E+000,
"CY": 0.00000000000000E+000,
"Cl": 0.00000000000000E+000,
"Cm": 0.00000000000000E+000,
"Cn": 0.00000000000000E+000
},
"body_coordinates": {
"CX": 0.00000000000000E+000,
"CY": 0.00000000000000E+000,
"CZ": 0.00000000000000E+000,
"Cl": 0.00000000000000E+000,
"Cm": 0.00000000000000E+000,
"Cn": 0.00000000000000E+000
}
},
"Main_left": {
"stability_coordinates": {
"CL": -0.00000000000000E+000,
"CD": -0.00000000000000E+000,
"CY": 0.00000000000000E+000,
"Cl": 0.00000000000000E+000,
"Cm": 0.00000000000000E+000,
"Cn": 0.00000000000000E+000
},
"body_coordinates": {
"CX": 0.00000000000000E+000,
"CY": 0.00000000000000E+000,
"CZ": 0.00000000000000E+000,
"Cl": 0.00000000000000E+000,
"Cm": 0.00000000000000E+000,
"Cn": 0.00000000000000E+000
}
},
"MyAirplane": {
"stability_coordinates": {
"CL": -0.00000000000000E+000,
"CD": -0.00000000000000E+000,
"CY": 0.00000000000000E+000,
"Cl": 0.00000000000000E+000,
"Cm": 0.00000000000000E+000,
"Cn": 0.00000000000000E+000
},
"body_coordinates": {
"CX": 0.00000000000000E+000,
"CY": 0.00000000000000E+000,
"CZ": 0.00000000000000E+000,
"Cl": 0.00000000000000E+000,
"Cm": 0.00000000000000E+000,
"Cn": 0.00000000000000E+000
}
}
},
"total": {
"Main_right": {
"stability_coordinates": {
"CL": 2.49999999999988E-001,
"CD": 2.33450349235585E-003,
"CY": 1.44843243081293E-001,
"Cl": -5.88418838200866E-002,
"Cm": -5.67911504213606E-004,
"Cn": 3.60764892422785E-004
},
"body_coordinates": {
"CX": -2.33450349235585E-003,
"CY": 1.44843243081293E-001,
"CZ": -2.49999999999988E-001,
"Cl": -5.88418838200866E-002,
"Cm": -5.67911504213606E-004,
"Cn": 3.60764892422785E-004
}
},
"Main_left": {
"stability_coordinates": {
"CL": 2.49999999999988E-001,
"CD": 2.33450349235585E-003,
"CY": -1.44843243081293E-001,
"Cl": 5.88418838200866E-002,
"Cm": -5.67911504213609E-004,
"Cn": -3.60764892422786E-004
},
"body_coordinates": {
"CX": -2.33450349235585E-003,
"CY": -1.44843243081293E-001,
"CZ": -2.49999999999988E-001,
"Cl": 5.88418838200866E-002,
"Cm": -5.67911504213609E-004,
"Cn": -3.60764892422786E-004
}
},
"MyAirplane": {
"stability_coordinates": {
"CL": 4.99999999999976E-001,
"CD": 4.66900698471170E-003,
"CY": 8.32667268468867E-017,
"Cl": -1.38777878078145E-017,
"Cm": -1.13582300842721E-003,
"Cn": -9.21571846612679E-019
},
"body_coordinates": {
"CX": -4.66900698471170E-003,
"CY": 8.32667268468867E-017,
"CZ": -4.99999999999976E-001,
"Cl": -1.38777878078145E-017,
"Cm": -1.13582300842721E-003,
"Cn": -9.21571846612679E-019
}
}
}
}
