{
"inviscid": {
"Main_right": {
"stability_coordinates": {
"CL": 4.11616161616169E-001,
"CD": 5.33111311183296E-003,
"CY": 2.65121684751393E-001,
"Cl": -1.06376928871933E-001,
"Cm": -4.14837153371942E-003,
"Cn": 9.08222534079863E-004
},
"body_coordinates": {
"CX": -5.33111311183296E-003,
"CY": 2.65121684751393E-001,
"CZ": -4.11616161616169E-001,
"Cl": -1.06376928871933E-001,
"Cm": -4.14837153371942E-003,
"Cn": 9.08222534079863E-004
}
},
"Main_left": {
"stability_coordinates": {
"CL": 4.11616161616169E-001,
"CD": 5.33111311183287E-003,
"CY": -2.65121684751393E-001,
"Cl": 1.06376928871933E-001,
"Cm": -4.14837153371940E-003,
"Cn": -9.08222534079859E-004
},
"body_coordinates": {
"CX": -5.33111311183287E-003,
"CY": -2.65121684751393E-001,
"CZ": -4.11616161616169E-001,
"Cl": 1.06376928871933E-001,
"Cm": -4.14837153371940E-003,
"Cn": -9.08222534079859E-004
}
},
"MyAirplane": {
"stability_coordinates": {
"CL": 8.23232323232338E-001,
"CD": 1.06622262236658E-002,
"CY": 0.00000000000000E+000,
"Cl": -1.38777878078145E-017,
"Cm": -8.29674306743882E-003,
"Cn": 4.11996825544492E-018
},
"body_coordinates": {
"CX": -1.06622262236658E-002,
"CY": 0.00000000000000E+000,
"CZ": -8.23232323232338E-001,
"Cl": -1.38777878078145E-017,
"Cm": -8.29674306743882E-003,
"Cn": 4.11996825544492E-018
}
}
},
"viscous": {
"Main_right": {
"stability_coordinates": {
"CL": -0.00000000000000E+000,
"CD": -0.00000000000000E+000,
"CY": 0.00000000000000E+000,
"Cl": 0.00000000000000E+000,
"Cm": 0.00000000000000E+000,
"Cn": 0.00000000000000E+000
},
"body_coordinates": {
"CX": 0.00000000000000E+000,
"CY": 0.00000000000000E+000,
"CZ": 0.00000000000000E+000,
"Cl": 0.00000000000000E+000,
"Cm": 0.00000000000000E+000,
"Cn": 0.00000000000000E+000
}
},
"Main_left": {
"stability_coordinates": {
"CL": -0.00000000000000E+000,
"CD": -0.00000000000000E+000,
"CY": 0.00000000000000E+000,
"Cl": 0.00000000000000E+000,
"Cm": 0.00000000000000E+000,
"Cn": 0.00000000000000E+000
},
"body_coordinates": {
"CX": 0.00000000000000E+000,
"CY": 0.00000000000000E+000,
"CZ": 0.00000000000000E+000,
"Cl": 0.00000000000000E+000,
"Cm": 0.00000000000000E+000,
"Cn": 0.00000000000000E+000
}
},
"MyAirplane": {
"stability_coordinates": {
"CL": -0.00000000000000E+000,
"CD": -0.00000000000000E+000,
"CY": 0.00000000000000E+000,
"Cl": 0.00000000000000E+000,
"Cm": 0.00000000000000E+000,
"Cn": 0.00000000000000E+000
},
"body_coordinates": {
"CX": 0.00000000000000E+000,
"CY": 0.00000000000000E+000,
"CZ": 0.00000000000000E+000,
"Cl": 0.00000000000000E+000,
"Cm": 0.00000000000000E+000,
"Cn": 0.00000000000000E+000
}
}
},
"total": {
"Main_right": {
"stability_coordinates": {
"CL": 4.11616161616169E-001,
"CD": 5.33111311183296E-003,
"CY": 2.65121684751393E-001,
"Cl": -1.06376928871933E-001,
"Cm": -4.14837153371942E-003,
"Cn": 9.08222534079863E-004
},
"body_coordinates": {
"CX": -5.33111311183296E-003,
"CY": 2.65121684751393E-001,
"CZ": -4.11616161616169E-001,
"Cl": -1.06376928871933E-001,
"Cm": -4.14837153371942E-003,
"Cn": 9.08222534079863E-004
}
},
"Main_left": {
"stability_coordinates": {
"CL": 4.11616161616169E-001,
"CD": 5.33111311183287E-003,
"CY": -2.65121684751393E-001,
"Cl": 1.06376928871933E-001,
"Cm": -4.14837153371940E-003,
"Cn": -9.08222534079859E-004
},
"body_coordinates": {
"CX": -5.33111311183287E-003,
"CY": -2.65121684751393E-001,
"CZ": -4.11616161616169E-001,
"Cl": 1.06376928871933E-001,
"Cm": -4.14837153371940E-003,
"Cn": -9.08222534079859E-004
}
},
"MyAirplane": {
"stability_coordinates": {
"CL": 8.23232323232338E-001,
"CD": 1.06622262236658E-002,
"CY": 0.00000000000000E+000,
"Cl": -1.38777878078145E-017,
"Cm": -8.29674306743882E-003,
"Cn": 4.11996825544492E-018
},
"body_coordinates": {
"CX": -1.06622262236658E-002,
"CY": 0.00000000000000E+000,
"CZ": -8.23232323232338E-001,
"Cl": -1.38777878078145E-017,
"Cm": -8.29674306743882E-003,
"Cn": 4.11996825544492E-018
}
}
}
}
