{
"inviscid": {
"Main_right": {
"stability_coordinates": {
"CL": 2.49999999999998E-001,
"CD": 4.82220730371088E-003,
"CY": -1.06607866669122E-002,
"Cl": -5.30626347612422E-002,
"Cm": 2.02656592659757E-004,
"Cn": 1.02147939426072E-003
},
"body_coordinates": {
"CX": -4.82220730371088E-003,
"CY": -1.06607866669122E-002,
"CZ": -2.49999999999998E-001,
"Cl": -5.30626347612422E-002,
"Cm": 2.02656592659757E-004,
"Cn": 1.02147939426072E-003
}
},
"Main_left": {
"stability_coordinates": {
"CL": 2.49999999999998E-001,
"CD": 4.82220730371090E-003,
"CY": 1.06607866669122E-002,
"Cl": 5.30626347612422E-002,
"Cm": 2.02656592659757E-004,
"Cn": -1.02147939426073E-003
},
"body_coordinates": {
"CX": -4.82220730371090E-003,
"CY": 1.06607866669122E-002,
"CZ": -2.49999999999998E-001,
"Cl": 5.30626347612422E-002,
"Cm": 2.02656592659757E-004,
"Cn": -1.02147939426073E-003
}
},
"MyAirplane": {
"stability_coordinates": {
"CL": 4.99999999999995E-001,
"CD": 9.64441460742178E-003,
"CY": 0.00000000000000E+000,
"Cl": 6.93889390390723E-018,
"Cm": 4.05313185319515E-004,
"Cn": -8.67361737988404E-019
},
"body_coordinates": {
"CX": -9.64441460742178E-003,
"CY": 0.00000000000000E+000,
"CZ": -4.99999999999995E-001,
"Cl": 6.93889390390723E-018,
"Cm": 4.05313185319515E-004,
"Cn": -8.67361737988404E-019
}
}
},
"viscous": {
"Main_right": {
"stability_coordinates": {
"CL": -0.00000000000000E+000,
"CD": -0.00000000000000E+000,
"CY": 0.00000000000000E+000,
"Cl": 0.00000000000000E+000,
"Cm": 0.00000000000000E+000,
"Cn": 0.00000000000000E+000
},
"body_coordinates": {
"CX": 0.00000000000000E+000,
"CY": 0.00000000000000E+000,
"CZ": 0.00000000000000E+000,
"Cl": 0.00000000000000E+000,
"Cm": 0.00000000000000E+000,
"Cn": 0.00000000000000E+000
}
},
"Main_left": {
"stability_coordinates": {
"CL": -0.00000000000000E+000,
"CD": -0.00000000000000E+000,
"CY": 0.00000000000000E+000,
"Cl": 0.00000000000000E+000,
"Cm": 0.00000000000000E+000,
"Cn": 0.00000000000000E+000
},
"body_coordinates": {
"CX": 0.00000000000000E+000,
"CY": 0.00000000000000E+000,
"CZ": 0.00000000000000E+000,
"Cl": 0.00000000000000E+000,
"Cm": 0.00000000000000E+000,
"Cn": 0.00000000000000E+000
}
},
"MyAirplane": {
"stability_coordinates": {
"CL": -0.00000000000000E+000,
"CD": -0.00000000000000E+000,
"CY": 0.00000000000000E+000,
"Cl": 0.00000000000000E+000,
"Cm": 0.00000000000000E+000,
"Cn": 0.00000000000000E+000
},
"body_coordinates": {
"CX": 0.00000000000000E+000,
"CY": 0.00000000000000E+000,
"CZ": 0.00000000000000E+000,
"Cl": 0.00000000000000E+000,
"Cm": 0.00000000000000E+000,
"Cn": 0.00000000000000E+000
}
}
},
"total": {
"Main_right": {
"stability_coordinates": {
"CL": 2.49999999999998E-001,
"CD": 4.82220730371088E-003,
"CY": -1.06607866669122E-002,
"Cl": -5.30626347612422E-002,
"Cm": 2.02656592659757E-004,
"Cn": 1.02147939426072E-003
},
"body_coordinates": {
"CX": -4.82220730371088E-003,
"CY": -1.06607866669122E-002,
"CZ": -2.49999999999998E-001,
"Cl": -5.30626347612422E-002,
"Cm": 2.02656592659757E-004,
"Cn": 1.02147939426072E-003
}
},
"Main_left": {
"stability_coordinates": {
"CL": 2.49999999999998E-001,
"CD": 4.82220730371090E-003,
"CY": 1.06607866669122E-002,
"Cl": 5.30626347612422E-002,
"Cm": 2.02656592659757E-004,
"Cn": -1.02147939426073E-003
},
"body_coordinates": {
"CX": -4.82220730371090E-003,
"CY": 1.06607866669122E-002,
"CZ": -2.49999999999998E-001,
"Cl": 5.30626347612422E-002,
"Cm": 2.02656592659757E-004,
"Cn": -1.02147939426073E-003
}
},
"MyAirplane": {
"stability_coordinates": {
"CL": 4.99999999999995E-001,
"CD": 9.64441460742178E-003,
"CY": 0.00000000000000E+000,
"Cl": 6.93889390390723E-018,
"Cm": 4.05313185319515E-004,
"Cn": -8.67361737988404E-019
},
"body_coordinates": {
"CX": -9.64441460742178E-003,
"CY": 0.00000000000000E+000,
"CZ": -4.99999999999995E-001,
"Cl": 6.93889390390723E-018,
"Cm": 4.05313185319515E-004,
"Cn": -8.67361737988404E-019
}
}
}
}
