{
"inviscid": {
"Main_right": {
"stability_coordinates": {
"CL": 2.49999999999992E-001,
"CD": 1.71300861286712E-003,
"CY": 1.71153264545244E-001,
"Cl": -6.32919387070784E-002,
"Cm": -1.39801879225756E-003,
"Cn": 2.74949431980547E-004
},
"body_coordinates": {
"CX": -1.71300861286712E-003,
"CY": 1.71153264545244E-001,
"CZ": -2.49999999999992E-001,
"Cl": -6.32919387070784E-002,
"Cm": -1.39801879225756E-003,
"Cn": 2.74949431980547E-004
}
},
"Main_left": {
"stability_coordinates": {
"CL": 2.49999999999992E-001,
"CD": 1.71300861286712E-003,
"CY": -1.71153264545244E-001,
"Cl": 6.32919387070784E-002,
"Cm": -1.39801879225756E-003,
"Cn": -2.74949431980546E-004
},
"body_coordinates": {
"CX": -1.71300861286712E-003,
"CY": -1.71153264545244E-001,
"CZ": -2.49999999999992E-001,
"Cl": 6.32919387070784E-002,
"Cm": -1.39801879225756E-003,
"Cn": -2.74949431980546E-004
}
},
"MyAirplane": {
"stability_coordinates": {
"CL": 4.99999999999983E-001,
"CD": 3.42601722573424E-003,
"CY": 2.77555756156289E-017,
"Cl": 0.00000000000000E+000,
"Cm": -2.79603758451513E-003,
"Cn": 3.79470760369927E-019
},
"body_coordinates": {
"CX": -3.42601722573424E-003,
"CY": 2.77555756156289E-017,
"CZ": -4.99999999999983E-001,
"Cl": 0.00000000000000E+000,
"Cm": -2.79603758451513E-003,
"Cn": 3.79470760369927E-019
}
}
},
"viscous": {
"Main_right": {
"stability_coordinates": {
"CL": -0.00000000000000E+000,
"CD": -0.00000000000000E+000,
"CY": 0.00000000000000E+000,
"Cl": 0.00000000000000E+000,
"Cm": 0.00000000000000E+000,
"Cn": 0.00000000000000E+000
},
"body_coordinates": {
"CX": 0.00000000000000E+000,
"CY": 0.00000000000000E+000,
"CZ": 0.00000000000000E+000,
"Cl": 0.00000000000000E+000,
"Cm": 0.00000000000000E+000,
"Cn": 0.00000000000000E+000
}
},
"Main_left": {
"stability_coordinates": {
"CL": -0.00000000000000E+000,
"CD": -0.00000000000000E+000,
"CY": 0.00000000000000E+000,
"Cl": 0.00000000000000E+000,
"Cm": 0.00000000000000E+000,
"Cn": 0.00000000000000E+000
},
"body_coordinates": {
"CX": 0.00000000000000E+000,
"CY": 0.00000000000000E+000,
"CZ": 0.00000000000000E+000,
"Cl": 0.00000000000000E+000,
"Cm": 0.00000000000000E+000,
"Cn": 0.00000000000000E+000
}
},
"MyAirplane": {
"stability_coordinates": {
"CL": -0.00000000000000E+000,
"CD": -0.00000000000000E+000,
"CY": 0.00000000000000E+000,
"Cl": 0.00000000000000E+000,
"Cm": 0.00000000000000E+000,
"Cn": 0.00000000000000E+000
},
"body_coordinates": {
"CX": 0.00000000000000E+000,
"CY": 0.00000000000000E+000,
"CZ": 0.00000000000000E+000,
"Cl": 0.00000000000000E+000,
"Cm": 0.00000000000000E+000,
"Cn": 0.00000000000000E+000
}
}
},
"total": {
"Main_right": {
"stability_coordinates": {
"CL": 2.49999999999992E-001,
"CD": 1.71300861286712E-003,
"CY": 1.71153264545244E-001,
"Cl": -6.32919387070784E-002,
"Cm": -1.39801879225756E-003,
"Cn": 2.74949431980547E-004
},
"body_coordinates": {
"CX": -1.71300861286712E-003,
"CY": 1.71153264545244E-001,
"CZ": -2.49999999999992E-001,
"Cl": -6.32919387070784E-002,
"Cm": -1.39801879225756E-003,
"Cn": 2.74949431980547E-004
}
},
"Main_left": {
"stability_coordinates": {
"CL": 2.49999999999992E-001,
"CD": 1.71300861286712E-003,
"CY": -1.71153264545244E-001,
"Cl": 6.32919387070784E-002,
"Cm": -1.39801879225756E-003,
"Cn": -2.74949431980546E-004
},
"body_coordinates": {
"CX": -1.71300861286712E-003,
"CY": -1.71153264545244E-001,
"CZ": -2.49999999999992E-001,
"Cl": 6.32919387070784E-002,
"Cm": -1.39801879225756E-003,
"Cn": -2.74949431980546E-004
}
},
"MyAirplane": {
"stability_coordinates": {
"CL": 4.99999999999983E-001,
"CD": 3.42601722573424E-003,
"CY": 2.77555756156289E-017,
"Cl": 0.00000000000000E+000,
"Cm": -2.79603758451513E-003,
"Cn": 3.79470760369927E-019
},
"body_coordinates": {
"CX": -3.42601722573424E-003,
"CY": 2.77555756156289E-017,
"CZ": -4.99999999999983E-001,
"Cl": 0.00000000000000E+000,
"Cm": -2.79603758451513E-003,
"Cn": 3.79470760369927E-019
}
}
}
}
