{
"inviscid": {
"Main_right": {
"stability_coordinates": {
"CL": 2.49999999999865E-001,
"CD": 4.58053750630117E-003,
"CY": -1.39071164304511E-003,
"Cl": -5.30489722461271E-002,
"Cm": -3.55662669199574E-005,
"Cn": 9.73502027497268E-004
},
"body_coordinates": {
"CX": -4.58053750630117E-003,
"CY": -1.39071164304511E-003,
"CZ": -2.49999999999865E-001,
"Cl": -5.30489722461271E-002,
"Cm": -3.55662669199574E-005,
"Cn": 9.73502027497268E-004
}
},
"Main_left": {
"stability_coordinates": {
"CL": 2.49999999999865E-001,
"CD": 4.58053750630116E-003,
"CY": 1.39071164304511E-003,
"Cl": 5.30489722461271E-002,
"Cm": -3.55662669199573E-005,
"Cn": -9.73502027497268E-004
},
"body_coordinates": {
"CX": -4.58053750630116E-003,
"CY": 1.39071164304511E-003,
"CZ": -2.49999999999865E-001,
"Cl": 5.30489722461271E-002,
"Cm": -3.55662669199573E-005,
"Cn": -9.73502027497268E-004
}
},
"MyAirplane": {
"stability_coordinates": {
"CL": 4.99999999999731E-001,
"CD": 9.16107501260233E-003,
"CY": -4.33680868994202E-019,
"Cl": -1.38777878078145E-017,
"Cm": -7.11325338399146E-005,
"Cn": 8.67361737988404E-019
},
"body_coordinates": {
"CX": -9.16107501260233E-003,
"CY": -4.33680868994202E-019,
"CZ": -4.99999999999731E-001,
"Cl": -1.38777878078145E-017,
"Cm": -7.11325338399146E-005,
"Cn": 8.67361737988404E-019
}
}
},
"viscous": {
"Main_right": {
"stability_coordinates": {
"CL": -0.00000000000000E+000,
"CD": -0.00000000000000E+000,
"CY": 0.00000000000000E+000,
"Cl": 0.00000000000000E+000,
"Cm": 0.00000000000000E+000,
"Cn": 0.00000000000000E+000
},
"body_coordinates": {
"CX": 0.00000000000000E+000,
"CY": 0.00000000000000E+000,
"CZ": 0.00000000000000E+000,
"Cl": 0.00000000000000E+000,
"Cm": 0.00000000000000E+000,
"Cn": 0.00000000000000E+000
}
},
"Main_left": {
"stability_coordinates": {
"CL": -0.00000000000000E+000,
"CD": -0.00000000000000E+000,
"CY": 0.00000000000000E+000,
"Cl": 0.00000000000000E+000,
"Cm": 0.00000000000000E+000,
"Cn": 0.00000000000000E+000
},
"body_coordinates": {
"CX": 0.00000000000000E+000,
"CY": 0.00000000000000E+000,
"CZ": 0.00000000000000E+000,
"Cl": 0.00000000000000E+000,
"Cm": 0.00000000000000E+000,
"Cn": 0.00000000000000E+000
}
},
"MyAirplane": {
"stability_coordinates": {
"CL": -0.00000000000000E+000,
"CD": -0.00000000000000E+000,
"CY": 0.00000000000000E+000,
"Cl": 0.00000000000000E+000,
"Cm": 0.00000000000000E+000,
"Cn": 0.00000000000000E+000
},
"body_coordinates": {
"CX": 0.00000000000000E+000,
"CY": 0.00000000000000E+000,
"CZ": 0.00000000000000E+000,
"Cl": 0.00000000000000E+000,
"Cm": 0.00000000000000E+000,
"Cn": 0.00000000000000E+000
}
}
},
"total": {
"Main_right": {
"stability_coordinates": {
"CL": 2.49999999999865E-001,
"CD": 4.58053750630117E-003,
"CY": -1.39071164304511E-003,
"Cl": -5.30489722461271E-002,
"Cm": -3.55662669199574E-005,
"Cn": 9.73502027497268E-004
},
"body_coordinates": {
"CX": -4.58053750630117E-003,
"CY": -1.39071164304511E-003,
"CZ": -2.49999999999865E-001,
"Cl": -5.30489722461271E-002,
"Cm": -3.55662669199574E-005,
"Cn": 9.73502027497268E-004
}
},
"Main_left": {
"stability_coordinates": {
"CL": 2.49999999999865E-001,
"CD": 4.58053750630116E-003,
"CY": 1.39071164304511E-003,
"Cl": 5.30489722461271E-002,
"Cm": -3.55662669199573E-005,
"Cn": -9.73502027497268E-004
},
"body_coordinates": {
"CX": -4.58053750630116E-003,
"CY": 1.39071164304511E-003,
"CZ": -2.49999999999865E-001,
"Cl": 5.30489722461271E-002,
"Cm": -3.55662669199573E-005,
"Cn": -9.73502027497268E-004
}
},
"MyAirplane": {
"stability_coordinates": {
"CL": 4.99999999999731E-001,
"CD": 9.16107501260233E-003,
"CY": -4.33680868994202E-019,
"Cl": -1.38777878078145E-017,
"Cm": -7.11325338399146E-005,
"Cn": 8.67361737988404E-019
},
"body_coordinates": {
"CX": -9.16107501260233E-003,
"CY": -4.33680868994202E-019,
"CZ": -4.99999999999731E-001,
"Cl": -1.38777878078145E-017,
"Cm": -7.11325338399146E-005,
"Cn": 8.67361737988404E-019
}
}
}
}
