{
"inviscid": {
"Main_right": {
"stability_coordinates": {
"CL": 2.50000000000000E-001,
"CD": 4.83785838073628E-003,
"CY": 0.00000000000000E+000,
"Cl": -5.30313970299012E-002,
"Cm": 0.00000000000000E+000,
"Cn": 1.02606442668545E-003
},
"body_coordinates": {
"CX": -4.83785838073628E-003,
"CY": 0.00000000000000E+000,
"CZ": -2.50000000000000E-001,
"Cl": -5.30313970299012E-002,
"Cm": 0.00000000000000E+000,
"Cn": 1.02606442668545E-003
}
},
"Main_left": {
"stability_coordinates": {
"CL": 2.50000000000000E-001,
"CD": 4.83785838073629E-003,
"CY": 0.00000000000000E+000,
"Cl": 5.30313970299012E-002,
"Cm": 0.00000000000000E+000,
"Cn": -1.02606442668545E-003
},
"body_coordinates": {
"CX": -4.83785838073629E-003,
"CY": 0.00000000000000E+000,
"CZ": -2.50000000000000E-001,
"Cl": 5.30313970299012E-002,
"Cm": 0.00000000000000E+000,
"Cn": -1.02606442668545E-003
}
},
"MyAirplane": {
"stability_coordinates": {
"CL": 5.00000000000000E-001,
"CD": 9.67571676147256E-003,
"CY": 0.00000000000000E+000,
"Cl": -6.93889390390723E-018,
"Cm": 0.00000000000000E+000,
"Cn": 6.50521303491303E-019
},
"body_coordinates": {
"CX": -9.67571676147256E-003,
"CY": 0.00000000000000E+000,
"CZ": -5.00000000000000E-001,
"Cl": -6.93889390390723E-018,
"Cm": 0.00000000000000E+000,
"Cn": 6.50521303491303E-019
}
}
},
"viscous": {
"Main_right": {
"stability_coordinates": {
"CL": -0.00000000000000E+000,
"CD": -0.00000000000000E+000,
"CY": 0.00000000000000E+000,
"Cl": 0.00000000000000E+000,
"Cm": 0.00000000000000E+000,
"Cn": 0.00000000000000E+000
},
"body_coordinates": {
"CX": 0.00000000000000E+000,
"CY": 0.00000000000000E+000,
"CZ": 0.00000000000000E+000,
"Cl": 0.00000000000000E+000,
"Cm": 0.00000000000000E+000,
"Cn": 0.00000000000000E+000
}
},
"Main_left": {
"stability_coordinates": {
"CL": -0.00000000000000E+000,
"CD": -0.00000000000000E+000,
"CY": 0.00000000000000E+000,
"Cl": 0.00000000000000E+000,
"Cm": 0.00000000000000E+000,
"Cn": 0.00000000000000E+000
},
"body_coordinates": {
"CX": 0.00000000000000E+000,
"CY": 0.00000000000000E+000,
"CZ": 0.00000000000000E+000,
"Cl": 0.00000000000000E+000,
"Cm": 0.00000000000000E+000,
"Cn": 0.00000000000000E+000
}
},
"MyAirplane": {
"stability_coordinates": {
"CL": -0.00000000000000E+000,
"CD": -0.00000000000000E+000,
"CY": 0.00000000000000E+000,
"Cl": 0.00000000000000E+000,
"Cm": 0.00000000000000E+000,
"Cn": 0.00000000000000E+000
},
"body_coordinates": {
"CX": 0.00000000000000E+000,
"CY": 0.00000000000000E+000,
"CZ": 0.00000000000000E+000,
"Cl": 0.00000000000000E+000,
"Cm": 0.00000000000000E+000,
"Cn": 0.00000000000000E+000
}
}
},
"total": {
"Main_right": {
"stability_coordinates": {
"CL": 2.50000000000000E-001,
"CD": 4.83785838073628E-003,
"CY": 0.00000000000000E+000,
"Cl": -5.30313970299012E-002,
"Cm": 0.00000000000000E+000,
"Cn": 1.02606442668545E-003
},
"body_coordinates": {
"CX": -4.83785838073628E-003,
"CY": 0.00000000000000E+000,
"CZ": -2.50000000000000E-001,
"Cl": -5.30313970299012E-002,
"Cm": 0.00000000000000E+000,
"Cn": 1.02606442668545E-003
}
},
"Main_left": {
"stability_coordinates": {
"CL": 2.50000000000000E-001,
"CD": 4.83785838073629E-003,
"CY": 0.00000000000000E+000,
"Cl": 5.30313970299012E-002,
"Cm": 0.00000000000000E+000,
"Cn": -1.02606442668545E-003
},
"body_coordinates": {
"CX": -4.83785838073629E-003,
"CY": 0.00000000000000E+000,
"CZ": -2.50000000000000E-001,
"Cl": 5.30313970299012E-002,
"Cm": 0.00000000000000E+000,
"Cn": -1.02606442668545E-003
}
},
"MyAirplane": {
"stability_coordinates": {
"CL": 5.00000000000000E-001,
"CD": 9.67571676147256E-003,
"CY": 0.00000000000000E+000,
"Cl": -6.93889390390723E-018,
"Cm": 0.00000000000000E+000,
"Cn": 6.50521303491303E-019
},
"body_coordinates": {
"CX": -9.67571676147256E-003,
"CY": 0.00000000000000E+000,
"CZ": -5.00000000000000E-001,
"Cl": -6.93889390390723E-018,
"Cm": 0.00000000000000E+000,
"Cn": 6.50521303491303E-019
}
}
}
}
