{
"inviscid": {
"Main_right": {
"stability_coordinates": {
"CL": 2.50000000000002E-001,
"CD": 1.48170777683118E-003,
"CY": 1.67275552451714E-001,
"Cl": -6.45616297722557E-002,
"Cm": -1.37051622094159E-003,
"Cn": 2.48669811077859E-004
},
"body_coordinates": {
"CX": -1.48170777683118E-003,
"CY": 1.67275552451714E-001,
"CZ": -2.50000000000002E-001,
"Cl": -6.45616297722557E-002,
"Cm": -1.37051622094159E-003,
"Cn": 2.48669811077859E-004
}
},
"Main_left": {
"stability_coordinates": {
"CL": 2.50000000000002E-001,
"CD": 1.48170777683120E-003,
"CY": -1.67275552451714E-001,
"Cl": 6.45616297722558E-002,
"Cm": -1.37051622094159E-003,
"Cn": -2.48669811077860E-004
},
"body_coordinates": {
"CX": -1.48170777683120E-003,
"CY": -1.67275552451714E-001,
"CZ": -2.50000000000002E-001,
"Cl": 6.45616297722558E-002,
"Cm": -1.37051622094159E-003,
"Cn": -2.48669811077860E-004
}
},
"MyAirplane": {
"stability_coordinates": {
"CL": 5.00000000000005E-001,
"CD": 2.96341555366238E-003,
"CY": -2.77555756156289E-017,
"Cl": 1.38777878078145E-017,
"Cm": -2.74103244188318E-003,
"Cn": -3.25260651745651E-019
},
"body_coordinates": {
"CX": -2.96341555366238E-003,
"CY": -2.77555756156289E-017,
"CZ": -5.00000000000005E-001,
"Cl": 1.38777878078145E-017,
"Cm": -2.74103244188318E-003,
"Cn": -3.25260651745651E-019
}
}
},
"viscous": {
"Main_right": {
"stability_coordinates": {
"CL": -0.00000000000000E+000,
"CD": -0.00000000000000E+000,
"CY": 0.00000000000000E+000,
"Cl": 0.00000000000000E+000,
"Cm": 0.00000000000000E+000,
"Cn": 0.00000000000000E+000
},
"body_coordinates": {
"CX": 0.00000000000000E+000,
"CY": 0.00000000000000E+000,
"CZ": 0.00000000000000E+000,
"Cl": 0.00000000000000E+000,
"Cm": 0.00000000000000E+000,
"Cn": 0.00000000000000E+000
}
},
"Main_left": {
"stability_coordinates": {
"CL": -0.00000000000000E+000,
"CD": -0.00000000000000E+000,
"CY": 0.00000000000000E+000,
"Cl": 0.00000000000000E+000,
"Cm": 0.00000000000000E+000,
"Cn": 0.00000000000000E+000
},
"body_coordinates": {
"CX": 0.00000000000000E+000,
"CY": 0.00000000000000E+000,
"CZ": 0.00000000000000E+000,
"Cl": 0.00000000000000E+000,
"Cm": 0.00000000000000E+000,
"Cn": 0.00000000000000E+000
}
},
"MyAirplane": {
"stability_coordinates": {
"CL": -0.00000000000000E+000,
"CD": -0.00000000000000E+000,
"CY": 0.00000000000000E+000,
"Cl": 0.00000000000000E+000,
"Cm": 0.00000000000000E+000,
"Cn": 0.00000000000000E+000
},
"body_coordinates": {
"CX": 0.00000000000000E+000,
"CY": 0.00000000000000E+000,
"CZ": 0.00000000000000E+000,
"Cl": 0.00000000000000E+000,
"Cm": 0.00000000000000E+000,
"Cn": 0.00000000000000E+000
}
}
},
"total": {
"Main_right": {
"stability_coordinates": {
"CL": 2.50000000000002E-001,
"CD": 1.48170777683118E-003,
"CY": 1.67275552451714E-001,
"Cl": -6.45616297722557E-002,
"Cm": -1.37051622094159E-003,
"Cn": 2.48669811077859E-004
},
"body_coordinates": {
"CX": -1.48170777683118E-003,
"CY": 1.67275552451714E-001,
"CZ": -2.50000000000002E-001,
"Cl": -6.45616297722557E-002,
"Cm": -1.37051622094159E-003,
"Cn": 2.48669811077859E-004
}
},
"Main_left": {
"stability_coordinates": {
"CL": 2.50000000000002E-001,
"CD": 1.48170777683120E-003,
"CY": -1.67275552451714E-001,
"Cl": 6.45616297722558E-002,
"Cm": -1.37051622094159E-003,
"Cn": -2.48669811077860E-004
},
"body_coordinates": {
"CX": -1.48170777683120E-003,
"CY": -1.67275552451714E-001,
"CZ": -2.50000000000002E-001,
"Cl": 6.45616297722558E-002,
"Cm": -1.37051622094159E-003,
"Cn": -2.48669811077860E-004
}
},
"MyAirplane": {
"stability_coordinates": {
"CL": 5.00000000000005E-001,
"CD": 2.96341555366238E-003,
"CY": -2.77555756156289E-017,
"Cl": 1.38777878078145E-017,
"Cm": -2.74103244188318E-003,
"Cn": -3.25260651745651E-019
},
"body_coordinates": {
"CX": -2.96341555366238E-003,
"CY": -2.77555756156289E-017,
"CZ": -5.00000000000005E-001,
"Cl": 1.38777878078145E-017,
"Cm": -2.74103244188318E-003,
"Cn": -3.25260651745651E-019
}
}
}
}
