{
"inviscid": {
"Main_right": {
"stability_coordinates": {
"CL": 2.50000000000001E-001,
"CD": 1.70856279564736E-003,
"CY": 1.70315660122733E-001,
"Cl": -6.33002509448973E-002,
"Cm": -1.38216854512791E-003,
"Cn": 2.75423749079146E-004
},
"body_coordinates": {
"CX": -1.70856279564736E-003,
"CY": 1.70315660122733E-001,
"CZ": -2.50000000000001E-001,
"Cl": -6.33002509448973E-002,
"Cm": -1.38216854512791E-003,
"Cn": 2.75423749079146E-004
}
},
"Main_left": {
"stability_coordinates": {
"CL": 2.50000000000001E-001,
"CD": 1.70856279564737E-003,
"CY": -1.70315660122733E-001,
"Cl": 6.33002509448973E-002,
"Cm": -1.38216854512790E-003,
"Cn": -2.75423749079144E-004
},
"body_coordinates": {
"CX": -1.70856279564737E-003,
"CY": -1.70315660122733E-001,
"CZ": -2.50000000000001E-001,
"Cl": 6.33002509448973E-002,
"Cm": -1.38216854512790E-003,
"Cn": -2.75423749079144E-004
}
},
"MyAirplane": {
"stability_coordinates": {
"CL": 5.00000000000003E-001,
"CD": 3.41712559129472E-003,
"CY": 2.77555756156289E-017,
"Cl": 1.38777878078145E-017,
"Cm": -2.76433709025581E-003,
"Cn": 1.84314369322536E-018
},
"body_coordinates": {
"CX": -3.41712559129472E-003,
"CY": 2.77555756156289E-017,
"CZ": -5.00000000000003E-001,
"Cl": 1.38777878078145E-017,
"Cm": -2.76433709025581E-003,
"Cn": 1.84314369322536E-018
}
}
},
"viscous": {
"Main_right": {
"stability_coordinates": {
"CL": -0.00000000000000E+000,
"CD": -0.00000000000000E+000,
"CY": 0.00000000000000E+000,
"Cl": 0.00000000000000E+000,
"Cm": 0.00000000000000E+000,
"Cn": 0.00000000000000E+000
},
"body_coordinates": {
"CX": 0.00000000000000E+000,
"CY": 0.00000000000000E+000,
"CZ": 0.00000000000000E+000,
"Cl": 0.00000000000000E+000,
"Cm": 0.00000000000000E+000,
"Cn": 0.00000000000000E+000
}
},
"Main_left": {
"stability_coordinates": {
"CL": -0.00000000000000E+000,
"CD": -0.00000000000000E+000,
"CY": 0.00000000000000E+000,
"Cl": 0.00000000000000E+000,
"Cm": 0.00000000000000E+000,
"Cn": 0.00000000000000E+000
},
"body_coordinates": {
"CX": 0.00000000000000E+000,
"CY": 0.00000000000000E+000,
"CZ": 0.00000000000000E+000,
"Cl": 0.00000000000000E+000,
"Cm": 0.00000000000000E+000,
"Cn": 0.00000000000000E+000
}
},
"MyAirplane": {
"stability_coordinates": {
"CL": -0.00000000000000E+000,
"CD": -0.00000000000000E+000,
"CY": 0.00000000000000E+000,
"Cl": 0.00000000000000E+000,
"Cm": 0.00000000000000E+000,
"Cn": 0.00000000000000E+000
},
"body_coordinates": {
"CX": 0.00000000000000E+000,
"CY": 0.00000000000000E+000,
"CZ": 0.00000000000000E+000,
"Cl": 0.00000000000000E+000,
"Cm": 0.00000000000000E+000,
"Cn": 0.00000000000000E+000
}
}
},
"total": {
"Main_right": {
"stability_coordinates": {
"CL": 2.50000000000001E-001,
"CD": 1.70856279564736E-003,
"CY": 1.70315660122733E-001,
"Cl": -6.33002509448973E-002,
"Cm": -1.38216854512791E-003,
"Cn": 2.75423749079146E-004
},
"body_coordinates": {
"CX": -1.70856279564736E-003,
"CY": 1.70315660122733E-001,
"CZ": -2.50000000000001E-001,
"Cl": -6.33002509448973E-002,
"Cm": -1.38216854512791E-003,
"Cn": 2.75423749079146E-004
}
},
"Main_left": {
"stability_coordinates": {
"CL": 2.50000000000001E-001,
"CD": 1.70856279564737E-003,
"CY": -1.70315660122733E-001,
"Cl": 6.33002509448973E-002,
"Cm": -1.38216854512790E-003,
"Cn": -2.75423749079144E-004
},
"body_coordinates": {
"CX": -1.70856279564737E-003,
"CY": -1.70315660122733E-001,
"CZ": -2.50000000000001E-001,
"Cl": 6.33002509448973E-002,
"Cm": -1.38216854512790E-003,
"Cn": -2.75423749079144E-004
}
},
"MyAirplane": {
"stability_coordinates": {
"CL": 5.00000000000003E-001,
"CD": 3.41712559129472E-003,
"CY": 2.77555756156289E-017,
"Cl": 1.38777878078145E-017,
"Cm": -2.76433709025581E-003,
"Cn": 1.84314369322536E-018
},
"body_coordinates": {
"CX": -3.41712559129472E-003,
"CY": 2.77555756156289E-017,
"CZ": -5.00000000000003E-001,
"Cl": 1.38777878078145E-017,
"Cm": -2.76433709025581E-003,
"Cn": 1.84314369322536E-018
}
}
}
}
