{
"inviscid": {
"Main_right": {
"stability_coordinates": {
"CL": 2.50000000000096E-001,
"CD": 1.05081180228094E-003,
"CY": 1.74484849445057E-001,
"Cl": -6.25351285994207E-002,
"Cm": -1.27682810369793E-003,
"Cn": 1.64999828871637E-004
},
"body_coordinates": {
"CX": -1.05081180228094E-003,
"CY": 1.74484849445057E-001,
"CZ": -2.50000000000096E-001,
"Cl": -6.25351285994207E-002,
"Cm": -1.27682810369793E-003,
"Cn": 1.64999828871637E-004
}
},
"Main_left": {
"stability_coordinates": {
"CL": 2.50000000000096E-001,
"CD": 1.05081180228095E-003,
"CY": -1.74484849445057E-001,
"Cl": 6.25351285994207E-002,
"Cm": -1.27682810369795E-003,
"Cn": -1.64999828871639E-004
},
"body_coordinates": {
"CX": -1.05081180228095E-003,
"CY": -1.74484849445057E-001,
"CZ": -2.50000000000096E-001,
"Cl": 6.25351285994207E-002,
"Cm": -1.27682810369795E-003,
"Cn": -1.64999828871639E-004
}
},
"MyAirplane": {
"stability_coordinates": {
"CL": 5.00000000000191E-001,
"CD": 2.10162360456189E-003,
"CY": 2.77555756156289E-017,
"Cl": 0.00000000000000E+000,
"Cm": -2.55365620739588E-003,
"Cn": -1.95156391047391E-018
},
"body_coordinates": {
"CX": -2.10162360456189E-003,
"CY": 2.77555756156289E-017,
"CZ": -5.00000000000191E-001,
"Cl": 0.00000000000000E+000,
"Cm": -2.55365620739588E-003,
"Cn": -1.95156391047391E-018
}
}
},
"viscous": {
"Main_right": {
"stability_coordinates": {
"CL": -0.00000000000000E+000,
"CD": -0.00000000000000E+000,
"CY": 0.00000000000000E+000,
"Cl": 0.00000000000000E+000,
"Cm": 0.00000000000000E+000,
"Cn": 0.00000000000000E+000
},
"body_coordinates": {
"CX": 0.00000000000000E+000,
"CY": 0.00000000000000E+000,
"CZ": 0.00000000000000E+000,
"Cl": 0.00000000000000E+000,
"Cm": 0.00000000000000E+000,
"Cn": 0.00000000000000E+000
}
},
"Main_left": {
"stability_coordinates": {
"CL": -0.00000000000000E+000,
"CD": -0.00000000000000E+000,
"CY": 0.00000000000000E+000,
"Cl": 0.00000000000000E+000,
"Cm": 0.00000000000000E+000,
"Cn": 0.00000000000000E+000
},
"body_coordinates": {
"CX": 0.00000000000000E+000,
"CY": 0.00000000000000E+000,
"CZ": 0.00000000000000E+000,
"Cl": 0.00000000000000E+000,
"Cm": 0.00000000000000E+000,
"Cn": 0.00000000000000E+000
}
},
"MyAirplane": {
"stability_coordinates": {
"CL": -0.00000000000000E+000,
"CD": -0.00000000000000E+000,
"CY": 0.00000000000000E+000,
"Cl": 0.00000000000000E+000,
"Cm": 0.00000000000000E+000,
"Cn": 0.00000000000000E+000
},
"body_coordinates": {
"CX": 0.00000000000000E+000,
"CY": 0.00000000000000E+000,
"CZ": 0.00000000000000E+000,
"Cl": 0.00000000000000E+000,
"Cm": 0.00000000000000E+000,
"Cn": 0.00000000000000E+000
}
}
},
"total": {
"Main_right": {
"stability_coordinates": {
"CL": 2.50000000000096E-001,
"CD": 1.05081180228094E-003,
"CY": 1.74484849445057E-001,
"Cl": -6.25351285994207E-002,
"Cm": -1.27682810369793E-003,
"Cn": 1.64999828871637E-004
},
"body_coordinates": {
"CX": -1.05081180228094E-003,
"CY": 1.74484849445057E-001,
"CZ": -2.50000000000096E-001,
"Cl": -6.25351285994207E-002,
"Cm": -1.27682810369793E-003,
"Cn": 1.64999828871637E-004
}
},
"Main_left": {
"stability_coordinates": {
"CL": 2.50000000000096E-001,
"CD": 1.05081180228095E-003,
"CY": -1.74484849445057E-001,
"Cl": 6.25351285994207E-002,
"Cm": -1.27682810369795E-003,
"Cn": -1.64999828871639E-004
},
"body_coordinates": {
"CX": -1.05081180228095E-003,
"CY": -1.74484849445057E-001,
"CZ": -2.50000000000096E-001,
"Cl": 6.25351285994207E-002,
"Cm": -1.27682810369795E-003,
"Cn": -1.64999828871639E-004
}
},
"MyAirplane": {
"stability_coordinates": {
"CL": 5.00000000000191E-001,
"CD": 2.10162360456189E-003,
"CY": 2.77555756156289E-017,
"Cl": 0.00000000000000E+000,
"Cm": -2.55365620739588E-003,
"Cn": -1.95156391047391E-018
},
"body_coordinates": {
"CX": -2.10162360456189E-003,
"CY": 2.77555756156289E-017,
"CZ": -5.00000000000191E-001,
"Cl": 0.00000000000000E+000,
"Cm": -2.55365620739588E-003,
"Cn": -1.95156391047391E-018
}
}
}
}
