{
"inviscid": {
"Main_right": {
"stability_coordinates": {
"CL": 3.23232323232323E-001,
"CD": 3.04698812539790E-003,
"CY": 2.12127797985545E-001,
"Cl": -8.26228461120585E-002,
"Cm": -2.38332183051516E-003,
"Cn": 5.04493454542433E-004
},
"body_coordinates": {
"CX": -3.04698812539790E-003,
"CY": 2.12127797985545E-001,
"CZ": -3.23232323232323E-001,
"Cl": -8.26228461120585E-002,
"Cm": -2.38332183051516E-003,
"Cn": 5.04493454542433E-004
}
},
"Main_left": {
"stability_coordinates": {
"CL": 3.23232323232323E-001,
"CD": 3.04698812539785E-003,
"CY": -2.12127797985545E-001,
"Cl": 8.26228461120585E-002,
"Cm": -2.38332183051516E-003,
"Cn": -5.04493454542433E-004
},
"body_coordinates": {
"CX": -3.04698812539785E-003,
"CY": -2.12127797985545E-001,
"CZ": -3.23232323232323E-001,
"Cl": 8.26228461120585E-002,
"Cm": -2.38332183051516E-003,
"Cn": -5.04493454542433E-004
}
},
"MyAirplane": {
"stability_coordinates": {
"CL": 6.46464646464646E-001,
"CD": 6.09397625079575E-003,
"CY": 2.77555756156289E-017,
"Cl": -2.77555756156289E-017,
"Cm": -4.76664366103032E-003,
"Cn": 6.50521303491303E-019
},
"body_coordinates": {
"CX": -6.09397625079575E-003,
"CY": 2.77555756156289E-017,
"CZ": -6.46464646464646E-001,
"Cl": -2.77555756156289E-017,
"Cm": -4.76664366103032E-003,
"Cn": 6.50521303491303E-019
}
}
},
"viscous": {
"Main_right": {
"stability_coordinates": {
"CL": -0.00000000000000E+000,
"CD": -0.00000000000000E+000,
"CY": 0.00000000000000E+000,
"Cl": 0.00000000000000E+000,
"Cm": 0.00000000000000E+000,
"Cn": 0.00000000000000E+000
},
"body_coordinates": {
"CX": 0.00000000000000E+000,
"CY": 0.00000000000000E+000,
"CZ": 0.00000000000000E+000,
"Cl": 0.00000000000000E+000,
"Cm": 0.00000000000000E+000,
"Cn": 0.00000000000000E+000
}
},
"Main_left": {
"stability_coordinates": {
"CL": -0.00000000000000E+000,
"CD": -0.00000000000000E+000,
"CY": 0.00000000000000E+000,
"Cl": 0.00000000000000E+000,
"Cm": 0.00000000000000E+000,
"Cn": 0.00000000000000E+000
},
"body_coordinates": {
"CX": 0.00000000000000E+000,
"CY": 0.00000000000000E+000,
"CZ": 0.00000000000000E+000,
"Cl": 0.00000000000000E+000,
"Cm": 0.00000000000000E+000,
"Cn": 0.00000000000000E+000
}
},
"MyAirplane": {
"stability_coordinates": {
"CL": -0.00000000000000E+000,
"CD": -0.00000000000000E+000,
"CY": 0.00000000000000E+000,
"Cl": 0.00000000000000E+000,
"Cm": 0.00000000000000E+000,
"Cn": 0.00000000000000E+000
},
"body_coordinates": {
"CX": 0.00000000000000E+000,
"CY": 0.00000000000000E+000,
"CZ": 0.00000000000000E+000,
"Cl": 0.00000000000000E+000,
"Cm": 0.00000000000000E+000,
"Cn": 0.00000000000000E+000
}
}
},
"total": {
"Main_right": {
"stability_coordinates": {
"CL": 3.23232323232323E-001,
"CD": 3.04698812539790E-003,
"CY": 2.12127797985545E-001,
"Cl": -8.26228461120585E-002,
"Cm": -2.38332183051516E-003,
"Cn": 5.04493454542433E-004
},
"body_coordinates": {
"CX": -3.04698812539790E-003,
"CY": 2.12127797985545E-001,
"CZ": -3.23232323232323E-001,
"Cl": -8.26228461120585E-002,
"Cm": -2.38332183051516E-003,
"Cn": 5.04493454542433E-004
}
},
"Main_left": {
"stability_coordinates": {
"CL": 3.23232323232323E-001,
"CD": 3.04698812539785E-003,
"CY": -2.12127797985545E-001,
"Cl": 8.26228461120585E-002,
"Cm": -2.38332183051516E-003,
"Cn": -5.04493454542433E-004
},
"body_coordinates": {
"CX": -3.04698812539785E-003,
"CY": -2.12127797985545E-001,
"CZ": -3.23232323232323E-001,
"Cl": 8.26228461120585E-002,
"Cm": -2.38332183051516E-003,
"Cn": -5.04493454542433E-004
}
},
"MyAirplane": {
"stability_coordinates": {
"CL": 6.46464646464646E-001,
"CD": 6.09397625079575E-003,
"CY": 2.77555756156289E-017,
"Cl": -2.77555756156289E-017,
"Cm": -4.76664366103032E-003,
"Cn": 6.50521303491303E-019
},
"body_coordinates": {
"CX": -6.09397625079575E-003,
"CY": 2.77555756156289E-017,
"CZ": -6.46464646464646E-001,
"Cl": -2.77555756156289E-017,
"Cm": -4.76664366103032E-003,
"Cn": 6.50521303491303E-019
}
}
}
}
