{
"inviscid": {
"Main_right": {
"stability_coordinates": {
"CL": 2.49999999999999E-001,
"CD": 2.04742382573234E-003,
"CY": 1.86834162864455E-001,
"Cl": -6.62669987564563E-002,
"Cm": -1.68450815593841E-003,
"Cn": 3.20521973792014E-004
},
"body_coordinates": {
"CX": -2.04742382573234E-003,
"CY": 1.86834162864455E-001,
"CZ": -2.49999999999999E-001,
"Cl": -6.62669987564563E-002,
"Cm": -1.68450815593841E-003,
"Cn": 3.20521973792014E-004
}
},
"Main_left": {
"stability_coordinates": {
"CL": 2.49999999999999E-001,
"CD": 2.04742382573236E-003,
"CY": -1.86834162864455E-001,
"Cl": 6.62669987564563E-002,
"Cm": -1.68450815593842E-003,
"Cn": -3.20521973792015E-004
},
"body_coordinates": {
"CX": -2.04742382573236E-003,
"CY": -1.86834162864455E-001,
"CZ": -2.49999999999999E-001,
"Cl": 6.62669987564563E-002,
"Cm": -1.68450815593842E-003,
"Cn": -3.20521973792015E-004
}
},
"MyAirplane": {
"stability_coordinates": {
"CL": 4.99999999999999E-001,
"CD": 4.09484765146470E-003,
"CY": 0.00000000000000E+000,
"Cl": -1.38777878078145E-017,
"Cm": -3.36901631187683E-003,
"Cn": -1.89735380184963E-018
},
"body_coordinates": {
"CX": -4.09484765146470E-003,
"CY": 0.00000000000000E+000,
"CZ": -4.99999999999999E-001,
"Cl": -1.38777878078145E-017,
"Cm": -3.36901631187683E-003,
"Cn": -1.89735380184963E-018
}
}
},
"viscous": {
"Main_right": {
"stability_coordinates": {
"CL": -0.00000000000000E+000,
"CD": -0.00000000000000E+000,
"CY": 0.00000000000000E+000,
"Cl": 0.00000000000000E+000,
"Cm": 0.00000000000000E+000,
"Cn": 0.00000000000000E+000
},
"body_coordinates": {
"CX": 0.00000000000000E+000,
"CY": 0.00000000000000E+000,
"CZ": 0.00000000000000E+000,
"Cl": 0.00000000000000E+000,
"Cm": 0.00000000000000E+000,
"Cn": 0.00000000000000E+000
}
},
"Main_left": {
"stability_coordinates": {
"CL": -0.00000000000000E+000,
"CD": -0.00000000000000E+000,
"CY": 0.00000000000000E+000,
"Cl": 0.00000000000000E+000,
"Cm": 0.00000000000000E+000,
"Cn": 0.00000000000000E+000
},
"body_coordinates": {
"CX": 0.00000000000000E+000,
"CY": 0.00000000000000E+000,
"CZ": 0.00000000000000E+000,
"Cl": 0.00000000000000E+000,
"Cm": 0.00000000000000E+000,
"Cn": 0.00000000000000E+000
}
},
"MyAirplane": {
"stability_coordinates": {
"CL": -0.00000000000000E+000,
"CD": -0.00000000000000E+000,
"CY": 0.00000000000000E+000,
"Cl": 0.00000000000000E+000,
"Cm": 0.00000000000000E+000,
"Cn": 0.00000000000000E+000
},
"body_coordinates": {
"CX": 0.00000000000000E+000,
"CY": 0.00000000000000E+000,
"CZ": 0.00000000000000E+000,
"Cl": 0.00000000000000E+000,
"Cm": 0.00000000000000E+000,
"Cn": 0.00000000000000E+000
}
}
},
"total": {
"Main_right": {
"stability_coordinates": {
"CL": 2.49999999999999E-001,
"CD": 2.04742382573234E-003,
"CY": 1.86834162864455E-001,
"Cl": -6.62669987564563E-002,
"Cm": -1.68450815593841E-003,
"Cn": 3.20521973792014E-004
},
"body_coordinates": {
"CX": -2.04742382573234E-003,
"CY": 1.86834162864455E-001,
"CZ": -2.49999999999999E-001,
"Cl": -6.62669987564563E-002,
"Cm": -1.68450815593841E-003,
"Cn": 3.20521973792014E-004
}
},
"Main_left": {
"stability_coordinates": {
"CL": 2.49999999999999E-001,
"CD": 2.04742382573236E-003,
"CY": -1.86834162864455E-001,
"Cl": 6.62669987564563E-002,
"Cm": -1.68450815593842E-003,
"Cn": -3.20521973792015E-004
},
"body_coordinates": {
"CX": -2.04742382573236E-003,
"CY": -1.86834162864455E-001,
"CZ": -2.49999999999999E-001,
"Cl": 6.62669987564563E-002,
"Cm": -1.68450815593842E-003,
"Cn": -3.20521973792015E-004
}
},
"MyAirplane": {
"stability_coordinates": {
"CL": 4.99999999999999E-001,
"CD": 4.09484765146470E-003,
"CY": 0.00000000000000E+000,
"Cl": -1.38777878078145E-017,
"Cm": -3.36901631187683E-003,
"Cn": -1.89735380184963E-018
},
"body_coordinates": {
"CX": -4.09484765146470E-003,
"CY": 0.00000000000000E+000,
"CZ": -4.99999999999999E-001,
"Cl": -1.38777878078145E-017,
"Cm": -3.36901631187683E-003,
"Cn": -1.89735380184963E-018
}
}
}
}
