{
"inviscid": {
"Main_right": {
"stability_coordinates": {
"CL": 2.50000000000000E-001,
"CD": 8.15135276304175E-003,
"CY": 0.00000000000000E+000,
"Cl": -5.55906045586528E-002,
"Cm": 0.00000000000000E+000,
"Cn": 2.21080764468578E-003
},
"body_coordinates": {
"CX": -8.15135276304175E-003,
"CY": 0.00000000000000E+000,
"CZ": -2.50000000000000E-001,
"Cl": -5.55906045586528E-002,
"Cm": 0.00000000000000E+000,
"Cn": 2.21080764468578E-003
}
},
"Main_left": {
"stability_coordinates": {
"CL": 2.50000000000000E-001,
"CD": 8.15135276304174E-003,
"CY": 0.00000000000000E+000,
"Cl": 5.55906045586528E-002,
"Cm": 0.00000000000000E+000,
"Cn": -2.21080764468578E-003
},
"body_coordinates": {
"CX": -8.15135276304174E-003,
"CY": 0.00000000000000E+000,
"CZ": -2.50000000000000E-001,
"Cl": 5.55906045586528E-002,
"Cm": 0.00000000000000E+000,
"Cn": -2.21080764468578E-003
}
},
"MyAirplane": {
"stability_coordinates": {
"CL": 5.00000000000000E-001,
"CD": 1.63027055260835E-002,
"CY": 0.00000000000000E+000,
"Cl": 0.00000000000000E+000,
"Cm": 0.00000000000000E+000,
"Cn": -1.30104260698261E-018
},
"body_coordinates": {
"CX": -1.63027055260835E-002,
"CY": 0.00000000000000E+000,
"CZ": -5.00000000000000E-001,
"Cl": 0.00000000000000E+000,
"Cm": 0.00000000000000E+000,
"Cn": -1.30104260698261E-018
}
}
},
"viscous": {
"Main_right": {
"stability_coordinates": {
"CL": -0.00000000000000E+000,
"CD": -0.00000000000000E+000,
"CY": 0.00000000000000E+000,
"Cl": 0.00000000000000E+000,
"Cm": 0.00000000000000E+000,
"Cn": 0.00000000000000E+000
},
"body_coordinates": {
"CX": 0.00000000000000E+000,
"CY": 0.00000000000000E+000,
"CZ": 0.00000000000000E+000,
"Cl": 0.00000000000000E+000,
"Cm": 0.00000000000000E+000,
"Cn": 0.00000000000000E+000
}
},
"Main_left": {
"stability_coordinates": {
"CL": -0.00000000000000E+000,
"CD": -0.00000000000000E+000,
"CY": 0.00000000000000E+000,
"Cl": 0.00000000000000E+000,
"Cm": 0.00000000000000E+000,
"Cn": 0.00000000000000E+000
},
"body_coordinates": {
"CX": 0.00000000000000E+000,
"CY": 0.00000000000000E+000,
"CZ": 0.00000000000000E+000,
"Cl": 0.00000000000000E+000,
"Cm": 0.00000000000000E+000,
"Cn": 0.00000000000000E+000
}
},
"MyAirplane": {
"stability_coordinates": {
"CL": -0.00000000000000E+000,
"CD": -0.00000000000000E+000,
"CY": 0.00000000000000E+000,
"Cl": 0.00000000000000E+000,
"Cm": 0.00000000000000E+000,
"Cn": 0.00000000000000E+000
},
"body_coordinates": {
"CX": 0.00000000000000E+000,
"CY": 0.00000000000000E+000,
"CZ": 0.00000000000000E+000,
"Cl": 0.00000000000000E+000,
"Cm": 0.00000000000000E+000,
"Cn": 0.00000000000000E+000
}
}
},
"total": {
"Main_right": {
"stability_coordinates": {
"CL": 2.50000000000000E-001,
"CD": 8.15135276304175E-003,
"CY": 0.00000000000000E+000,
"Cl": -5.55906045586528E-002,
"Cm": 0.00000000000000E+000,
"Cn": 2.21080764468578E-003
},
"body_coordinates": {
"CX": -8.15135276304175E-003,
"CY": 0.00000000000000E+000,
"CZ": -2.50000000000000E-001,
"Cl": -5.55906045586528E-002,
"Cm": 0.00000000000000E+000,
"Cn": 2.21080764468578E-003
}
},
"Main_left": {
"stability_coordinates": {
"CL": 2.50000000000000E-001,
"CD": 8.15135276304174E-003,
"CY": 0.00000000000000E+000,
"Cl": 5.55906045586528E-002,
"Cm": 0.00000000000000E+000,
"Cn": -2.21080764468578E-003
},
"body_coordinates": {
"CX": -8.15135276304174E-003,
"CY": 0.00000000000000E+000,
"CZ": -2.50000000000000E-001,
"Cl": 5.55906045586528E-002,
"Cm": 0.00000000000000E+000,
"Cn": -2.21080764468578E-003
}
},
"MyAirplane": {
"stability_coordinates": {
"CL": 5.00000000000000E-001,
"CD": 1.63027055260835E-002,
"CY": 0.00000000000000E+000,
"Cl": 0.00000000000000E+000,
"Cm": 0.00000000000000E+000,
"Cn": -1.30104260698261E-018
},
"body_coordinates": {
"CX": -1.63027055260835E-002,
"CY": 0.00000000000000E+000,
"CZ": -5.00000000000000E-001,
"Cl": 0.00000000000000E+000,
"Cm": 0.00000000000000E+000,
"Cn": -1.30104260698261E-018
}
}
}
}
