{
"inviscid": {
"Main_right": {
"stability_coordinates": {
"CL": 2.49999999999988E-001,
"CD": 1.93101468432292E-003,
"CY": 1.66753270274923E-001,
"Cl": -6.35408244224742E-002,
"Cm": -1.37794319457521E-003,
"Cn": 3.14004976012762E-004
},
"body_coordinates": {
"CX": -1.93101468432292E-003,
"CY": 1.66753270274923E-001,
"CZ": -2.49999999999988E-001,
"Cl": -6.35408244224742E-002,
"Cm": -1.37794319457521E-003,
"Cn": 3.14004976012762E-004
}
},
"Main_left": {
"stability_coordinates": {
"CL": 2.49999999999988E-001,
"CD": 1.93101468432292E-003,
"CY": -1.66753270274923E-001,
"Cl": 6.35408244224742E-002,
"Cm": -1.37794319457521E-003,
"Cn": -3.14004976012762E-004
},
"body_coordinates": {
"CX": -1.93101468432292E-003,
"CY": -1.66753270274923E-001,
"CZ": -2.49999999999988E-001,
"Cl": 6.35408244224742E-002,
"Cm": -1.37794319457521E-003,
"Cn": -3.14004976012762E-004
}
},
"MyAirplane": {
"stability_coordinates": {
"CL": 4.99999999999976E-001,
"CD": 3.86202936864584E-003,
"CY": 0.00000000000000E+000,
"Cl": 2.30584782037533E-017,
"Cm": -2.75588638915042E-003,
"Cn": -1.80144360966822E-019
},
"body_coordinates": {
"CX": -3.86202936864584E-003,
"CY": 0.00000000000000E+000,
"CZ": -4.99999999999976E-001,
"Cl": 2.30584782037533E-017,
"Cm": -2.75588638915042E-003,
"Cn": -1.80144360966822E-019
}
}
},
"viscous": {
"Main_right": {
"stability_coordinates": {
"CL": -0.00000000000000E+000,
"CD": -0.00000000000000E+000,
"CY": 0.00000000000000E+000,
"Cl": 0.00000000000000E+000,
"Cm": 0.00000000000000E+000,
"Cn": 0.00000000000000E+000
},
"body_coordinates": {
"CX": 0.00000000000000E+000,
"CY": 0.00000000000000E+000,
"CZ": 0.00000000000000E+000,
"Cl": 0.00000000000000E+000,
"Cm": 0.00000000000000E+000,
"Cn": 0.00000000000000E+000
}
},
"Main_left": {
"stability_coordinates": {
"CL": -0.00000000000000E+000,
"CD": -0.00000000000000E+000,
"CY": 0.00000000000000E+000,
"Cl": 0.00000000000000E+000,
"Cm": 0.00000000000000E+000,
"Cn": 0.00000000000000E+000
},
"body_coordinates": {
"CX": 0.00000000000000E+000,
"CY": 0.00000000000000E+000,
"CZ": 0.00000000000000E+000,
"Cl": 0.00000000000000E+000,
"Cm": 0.00000000000000E+000,
"Cn": 0.00000000000000E+000
}
},
"MyAirplane": {
"stability_coordinates": {
"CL": -0.00000000000000E+000,
"CD": -0.00000000000000E+000,
"CY": 0.00000000000000E+000,
"Cl": 0.00000000000000E+000,
"Cm": 0.00000000000000E+000,
"Cn": 0.00000000000000E+000
},
"body_coordinates": {
"CX": 0.00000000000000E+000,
"CY": 0.00000000000000E+000,
"CZ": 0.00000000000000E+000,
"Cl": 0.00000000000000E+000,
"Cm": 0.00000000000000E+000,
"Cn": 0.00000000000000E+000
}
}
},
"total": {
"Main_right": {
"stability_coordinates": {
"CL": 2.49999999999988E-001,
"CD": 1.93101468432292E-003,
"CY": 1.66753270274923E-001,
"Cl": -6.35408244224742E-002,
"Cm": -1.37794319457521E-003,
"Cn": 3.14004976012762E-004
},
"body_coordinates": {
"CX": -1.93101468432292E-003,
"CY": 1.66753270274923E-001,
"CZ": -2.49999999999988E-001,
"Cl": -6.35408244224742E-002,
"Cm": -1.37794319457521E-003,
"Cn": 3.14004976012762E-004
}
},
"Main_left": {
"stability_coordinates": {
"CL": 2.49999999999988E-001,
"CD": 1.93101468432292E-003,
"CY": -1.66753270274923E-001,
"Cl": 6.35408244224742E-002,
"Cm": -1.37794319457521E-003,
"Cn": -3.14004976012762E-004
},
"body_coordinates": {
"CX": -1.93101468432292E-003,
"CY": -1.66753270274923E-001,
"CZ": -2.49999999999988E-001,
"Cl": 6.35408244224742E-002,
"Cm": -1.37794319457521E-003,
"Cn": -3.14004976012762E-004
}
},
"MyAirplane": {
"stability_coordinates": {
"CL": 4.99999999999976E-001,
"CD": 3.86202936864584E-003,
"CY": 0.00000000000000E+000,
"Cl": 2.30584782037533E-017,
"Cm": -2.75588638915042E-003,
"Cn": -1.80144360966822E-019
},
"body_coordinates": {
"CX": -3.86202936864584E-003,
"CY": 0.00000000000000E+000,
"CZ": -4.99999999999976E-001,
"Cl": 2.30584782037533E-017,
"Cm": -2.75588638915042E-003,
"Cn": -1.80144360966822E-019
}
}
}
}
