{
"inviscid": {
"Main_right": {
"stability_coordinates": {
"CL": 2.49999999999995E-001,
"CD": 4.97460796214076E-003,
"CY": 0.00000000000000E+000,
"Cl": -5.30447152144140E-002,
"Cm": 0.00000000000000E+000,
"Cn": 1.05543304997737E-003
},
"body_coordinates": {
"CX": -4.97460796214076E-003,
"CY": 0.00000000000000E+000,
"CZ": -2.49999999999995E-001,
"Cl": -5.30447152144140E-002,
"Cm": 0.00000000000000E+000,
"Cn": 1.05543304997737E-003
}
},
"Main_left": {
"stability_coordinates": {
"CL": 2.49999999999995E-001,
"CD": 4.97460796214077E-003,
"CY": 0.00000000000000E+000,
"Cl": 5.30447152144140E-002,
"Cm": 0.00000000000000E+000,
"Cn": -1.05543304997737E-003
},
"body_coordinates": {
"CX": -4.97460796214077E-003,
"CY": 0.00000000000000E+000,
"CZ": -2.49999999999995E-001,
"Cl": 5.30447152144140E-002,
"Cm": 0.00000000000000E+000,
"Cn": -1.05543304997737E-003
}
},
"MyAirplane": {
"stability_coordinates": {
"CL": 4.99999999999989E-001,
"CD": 9.94921592428153E-003,
"CY": 0.00000000000000E+000,
"Cl": -1.38777878078145E-017,
"Cm": 0.00000000000000E+000,
"Cn": 1.08420217248550E-018
},
"body_coordinates": {
"CX": -9.94921592428153E-003,
"CY": 0.00000000000000E+000,
"CZ": -4.99999999999989E-001,
"Cl": -1.38777878078145E-017,
"Cm": 0.00000000000000E+000,
"Cn": 1.08420217248550E-018
}
}
},
"viscous": {
"Main_right": {
"stability_coordinates": {
"CL": -0.00000000000000E+000,
"CD": -0.00000000000000E+000,
"CY": 0.00000000000000E+000,
"Cl": 0.00000000000000E+000,
"Cm": 0.00000000000000E+000,
"Cn": 0.00000000000000E+000
},
"body_coordinates": {
"CX": 0.00000000000000E+000,
"CY": 0.00000000000000E+000,
"CZ": 0.00000000000000E+000,
"Cl": 0.00000000000000E+000,
"Cm": 0.00000000000000E+000,
"Cn": 0.00000000000000E+000
}
},
"Main_left": {
"stability_coordinates": {
"CL": -0.00000000000000E+000,
"CD": -0.00000000000000E+000,
"CY": 0.00000000000000E+000,
"Cl": 0.00000000000000E+000,
"Cm": 0.00000000000000E+000,
"Cn": 0.00000000000000E+000
},
"body_coordinates": {
"CX": 0.00000000000000E+000,
"CY": 0.00000000000000E+000,
"CZ": 0.00000000000000E+000,
"Cl": 0.00000000000000E+000,
"Cm": 0.00000000000000E+000,
"Cn": 0.00000000000000E+000
}
},
"MyAirplane": {
"stability_coordinates": {
"CL": -0.00000000000000E+000,
"CD": -0.00000000000000E+000,
"CY": 0.00000000000000E+000,
"Cl": 0.00000000000000E+000,
"Cm": 0.00000000000000E+000,
"Cn": 0.00000000000000E+000
},
"body_coordinates": {
"CX": 0.00000000000000E+000,
"CY": 0.00000000000000E+000,
"CZ": 0.00000000000000E+000,
"Cl": 0.00000000000000E+000,
"Cm": 0.00000000000000E+000,
"Cn": 0.00000000000000E+000
}
}
},
"total": {
"Main_right": {
"stability_coordinates": {
"CL": 2.49999999999995E-001,
"CD": 4.97460796214076E-003,
"CY": 0.00000000000000E+000,
"Cl": -5.30447152144140E-002,
"Cm": 0.00000000000000E+000,
"Cn": 1.05543304997737E-003
},
"body_coordinates": {
"CX": -4.97460796214076E-003,
"CY": 0.00000000000000E+000,
"CZ": -2.49999999999995E-001,
"Cl": -5.30447152144140E-002,
"Cm": 0.00000000000000E+000,
"Cn": 1.05543304997737E-003
}
},
"Main_left": {
"stability_coordinates": {
"CL": 2.49999999999995E-001,
"CD": 4.97460796214077E-003,
"CY": 0.00000000000000E+000,
"Cl": 5.30447152144140E-002,
"Cm": 0.00000000000000E+000,
"Cn": -1.05543304997737E-003
},
"body_coordinates": {
"CX": -4.97460796214077E-003,
"CY": 0.00000000000000E+000,
"CZ": -2.49999999999995E-001,
"Cl": 5.30447152144140E-002,
"Cm": 0.00000000000000E+000,
"Cn": -1.05543304997737E-003
}
},
"MyAirplane": {
"stability_coordinates": {
"CL": 4.99999999999989E-001,
"CD": 9.94921592428153E-003,
"CY": 0.00000000000000E+000,
"Cl": -1.38777878078145E-017,
"Cm": 0.00000000000000E+000,
"Cn": 1.08420217248550E-018
},
"body_coordinates": {
"CX": -9.94921592428153E-003,
"CY": 0.00000000000000E+000,
"CZ": -4.99999999999989E-001,
"Cl": -1.38777878078145E-017,
"Cm": 0.00000000000000E+000,
"Cn": 1.08420217248550E-018
}
}
}
}
