{
"inviscid": {
"Main_right": {
"stability_coordinates": {
"CL": 2.50000000000021E-001,
"CD": 4.82211461291610E-003,
"CY": -1.08743342860637E-002,
"Cl": -5.30693844565680E-002,
"Cm": 2.07720378255422E-004,
"Cn": 1.02187282042214E-003
},
"body_coordinates": {
"CX": -4.82211461291610E-003,
"CY": -1.08743342860637E-002,
"CZ": -2.50000000000021E-001,
"Cl": -5.30693844565680E-002,
"Cm": 2.07720378255422E-004,
"Cn": 1.02187282042214E-003
}
},
"Main_left": {
"stability_coordinates": {
"CL": 2.50000000000021E-001,
"CD": 4.82211461291610E-003,
"CY": 1.08743342860637E-002,
"Cl": 5.30693844565680E-002,
"Cm": 2.07720378255422E-004,
"Cn": -1.02187282042214E-003
},
"body_coordinates": {
"CX": -4.82211461291610E-003,
"CY": 1.08743342860637E-002,
"CZ": -2.50000000000021E-001,
"Cl": 5.30693844565680E-002,
"Cm": 2.07720378255422E-004,
"Cn": -1.02187282042214E-003
}
},
"MyAirplane": {
"stability_coordinates": {
"CL": 5.00000000000043E-001,
"CD": 9.64422922583220E-003,
"CY": 0.00000000000000E+000,
"Cl": 6.93889390390723E-018,
"Cm": 4.15440756510843E-004,
"Cn": 2.16840434497101E-019
},
"body_coordinates": {
"CX": -9.64422922583220E-003,
"CY": 0.00000000000000E+000,
"CZ": -5.00000000000043E-001,
"Cl": 6.93889390390723E-018,
"Cm": 4.15440756510843E-004,
"Cn": 2.16840434497101E-019
}
}
},
"viscous": {
"Main_right": {
"stability_coordinates": {
"CL": -0.00000000000000E+000,
"CD": -0.00000000000000E+000,
"CY": 0.00000000000000E+000,
"Cl": 0.00000000000000E+000,
"Cm": 0.00000000000000E+000,
"Cn": 0.00000000000000E+000
},
"body_coordinates": {
"CX": 0.00000000000000E+000,
"CY": 0.00000000000000E+000,
"CZ": 0.00000000000000E+000,
"Cl": 0.00000000000000E+000,
"Cm": 0.00000000000000E+000,
"Cn": 0.00000000000000E+000
}
},
"Main_left": {
"stability_coordinates": {
"CL": -0.00000000000000E+000,
"CD": -0.00000000000000E+000,
"CY": 0.00000000000000E+000,
"Cl": 0.00000000000000E+000,
"Cm": 0.00000000000000E+000,
"Cn": 0.00000000000000E+000
},
"body_coordinates": {
"CX": 0.00000000000000E+000,
"CY": 0.00000000000000E+000,
"CZ": 0.00000000000000E+000,
"Cl": 0.00000000000000E+000,
"Cm": 0.00000000000000E+000,
"Cn": 0.00000000000000E+000
}
},
"MyAirplane": {
"stability_coordinates": {
"CL": -0.00000000000000E+000,
"CD": -0.00000000000000E+000,
"CY": 0.00000000000000E+000,
"Cl": 0.00000000000000E+000,
"Cm": 0.00000000000000E+000,
"Cn": 0.00000000000000E+000
},
"body_coordinates": {
"CX": 0.00000000000000E+000,
"CY": 0.00000000000000E+000,
"CZ": 0.00000000000000E+000,
"Cl": 0.00000000000000E+000,
"Cm": 0.00000000000000E+000,
"Cn": 0.00000000000000E+000
}
}
},
"total": {
"Main_right": {
"stability_coordinates": {
"CL": 2.50000000000021E-001,
"CD": 4.82211461291610E-003,
"CY": -1.08743342860637E-002,
"Cl": -5.30693844565680E-002,
"Cm": 2.07720378255422E-004,
"Cn": 1.02187282042214E-003
},
"body_coordinates": {
"CX": -4.82211461291610E-003,
"CY": -1.08743342860637E-002,
"CZ": -2.50000000000021E-001,
"Cl": -5.30693844565680E-002,
"Cm": 2.07720378255422E-004,
"Cn": 1.02187282042214E-003
}
},
"Main_left": {
"stability_coordinates": {
"CL": 2.50000000000021E-001,
"CD": 4.82211461291610E-003,
"CY": 1.08743342860637E-002,
"Cl": 5.30693844565680E-002,
"Cm": 2.07720378255422E-004,
"Cn": -1.02187282042214E-003
},
"body_coordinates": {
"CX": -4.82211461291610E-003,
"CY": 1.08743342860637E-002,
"CZ": -2.50000000000021E-001,
"Cl": 5.30693844565680E-002,
"Cm": 2.07720378255422E-004,
"Cn": -1.02187282042214E-003
}
},
"MyAirplane": {
"stability_coordinates": {
"CL": 5.00000000000043E-001,
"CD": 9.64422922583220E-003,
"CY": 0.00000000000000E+000,
"Cl": 6.93889390390723E-018,
"Cm": 4.15440756510843E-004,
"Cn": 2.16840434497101E-019
},
"body_coordinates": {
"CX": -9.64422922583220E-003,
"CY": 0.00000000000000E+000,
"CZ": -5.00000000000043E-001,
"Cl": 6.93889390390723E-018,
"Cm": 4.15440756510843E-004,
"Cn": 2.16840434497101E-019
}
}
}
}
