{
"inviscid": {
"Main_right": {
"stability_coordinates": {
"CL": 2.49999999999569E-001,
"CD": 4.80304448862997E-003,
"CY": -1.05596927023504E-002,
"Cl": -5.30697300483728E-002,
"Cm": 1.97324715232312E-004,
"Cn": 1.01814035833695E-003
},
"body_coordinates": {
"CX": -4.80304448862997E-003,
"CY": -1.05596927023504E-002,
"CZ": -2.49999999999569E-001,
"Cl": -5.30697300483728E-002,
"Cm": 1.97324715232312E-004,
"Cn": 1.01814035833695E-003
}
},
"Main_left": {
"stability_coordinates": {
"CL": 2.49999999999569E-001,
"CD": 4.80304448862999E-003,
"CY": 1.05596927023504E-002,
"Cl": 5.30697300483728E-002,
"Cm": 1.97324715232312E-004,
"Cn": -1.01814035833694E-003
},
"body_coordinates": {
"CX": -4.80304448862999E-003,
"CY": 1.05596927023504E-002,
"CZ": -2.49999999999569E-001,
"Cl": 5.30697300483728E-002,
"Cm": 1.97324715232312E-004,
"Cn": -1.01814035833694E-003
}
},
"MyAirplane": {
"stability_coordinates": {
"CL": 4.99999999999139E-001,
"CD": 9.60608897725996E-003,
"CY": 0.00000000000000E+000,
"Cl": 6.93889390390723E-018,
"Cm": 3.94649430464623E-004,
"Cn": 6.50521303491303E-019
},
"body_coordinates": {
"CX": -9.60608897725996E-003,
"CY": 0.00000000000000E+000,
"CZ": -4.99999999999139E-001,
"Cl": 6.93889390390723E-018,
"Cm": 3.94649430464623E-004,
"Cn": 6.50521303491303E-019
}
}
},
"viscous": {
"Main_right": {
"stability_coordinates": {
"CL": -0.00000000000000E+000,
"CD": -0.00000000000000E+000,
"CY": 0.00000000000000E+000,
"Cl": 0.00000000000000E+000,
"Cm": 0.00000000000000E+000,
"Cn": 0.00000000000000E+000
},
"body_coordinates": {
"CX": 0.00000000000000E+000,
"CY": 0.00000000000000E+000,
"CZ": 0.00000000000000E+000,
"Cl": 0.00000000000000E+000,
"Cm": 0.00000000000000E+000,
"Cn": 0.00000000000000E+000
}
},
"Main_left": {
"stability_coordinates": {
"CL": -0.00000000000000E+000,
"CD": -0.00000000000000E+000,
"CY": 0.00000000000000E+000,
"Cl": 0.00000000000000E+000,
"Cm": 0.00000000000000E+000,
"Cn": 0.00000000000000E+000
},
"body_coordinates": {
"CX": 0.00000000000000E+000,
"CY": 0.00000000000000E+000,
"CZ": 0.00000000000000E+000,
"Cl": 0.00000000000000E+000,
"Cm": 0.00000000000000E+000,
"Cn": 0.00000000000000E+000
}
},
"MyAirplane": {
"stability_coordinates": {
"CL": -0.00000000000000E+000,
"CD": -0.00000000000000E+000,
"CY": 0.00000000000000E+000,
"Cl": 0.00000000000000E+000,
"Cm": 0.00000000000000E+000,
"Cn": 0.00000000000000E+000
},
"body_coordinates": {
"CX": 0.00000000000000E+000,
"CY": 0.00000000000000E+000,
"CZ": 0.00000000000000E+000,
"Cl": 0.00000000000000E+000,
"Cm": 0.00000000000000E+000,
"Cn": 0.00000000000000E+000
}
}
},
"total": {
"Main_right": {
"stability_coordinates": {
"CL": 2.49999999999569E-001,
"CD": 4.80304448862997E-003,
"CY": -1.05596927023504E-002,
"Cl": -5.30697300483728E-002,
"Cm": 1.97324715232312E-004,
"Cn": 1.01814035833695E-003
},
"body_coordinates": {
"CX": -4.80304448862997E-003,
"CY": -1.05596927023504E-002,
"CZ": -2.49999999999569E-001,
"Cl": -5.30697300483728E-002,
"Cm": 1.97324715232312E-004,
"Cn": 1.01814035833695E-003
}
},
"Main_left": {
"stability_coordinates": {
"CL": 2.49999999999569E-001,
"CD": 4.80304448862999E-003,
"CY": 1.05596927023504E-002,
"Cl": 5.30697300483728E-002,
"Cm": 1.97324715232312E-004,
"Cn": -1.01814035833694E-003
},
"body_coordinates": {
"CX": -4.80304448862999E-003,
"CY": 1.05596927023504E-002,
"CZ": -2.49999999999569E-001,
"Cl": 5.30697300483728E-002,
"Cm": 1.97324715232312E-004,
"Cn": -1.01814035833694E-003
}
},
"MyAirplane": {
"stability_coordinates": {
"CL": 4.99999999999139E-001,
"CD": 9.60608897725996E-003,
"CY": 0.00000000000000E+000,
"Cl": 6.93889390390723E-018,
"Cm": 3.94649430464623E-004,
"Cn": 6.50521303491303E-019
},
"body_coordinates": {
"CX": -9.60608897725996E-003,
"CY": 0.00000000000000E+000,
"CZ": -4.99999999999139E-001,
"Cl": 6.93889390390723E-018,
"Cm": 3.94649430464623E-004,
"Cn": 6.50521303491303E-019
}
}
}
}
