{
"inviscid": {
"Main_right": {
"stability_coordinates": {
"CL": 2.49999999999956E-001,
"CD": 3.03893347590902E-003,
"CY": 1.59203781681076E-001,
"Cl": -6.44116329410757E-002,
"Cm": -1.37985995195390E-003,
"Cn": 5.09453907499620E-004
},
"body_coordinates": {
"CX": -3.03893347590902E-003,
"CY": 1.59203781681076E-001,
"CZ": -2.49999999999956E-001,
"Cl": -6.44116329410757E-002,
"Cm": -1.37985995195390E-003,
"Cn": 5.09453907499620E-004
}
},
"Main_left": {
"stability_coordinates": {
"CL": 2.49999999999956E-001,
"CD": 3.03893347590899E-003,
"CY": -1.59203781681076E-001,
"Cl": 6.44116329410757E-002,
"Cm": -1.37985995195391E-003,
"Cn": -5.09453907499622E-004
},
"body_coordinates": {
"CX": -3.03893347590899E-003,
"CY": -1.59203781681076E-001,
"CZ": -2.49999999999956E-001,
"Cl": 6.44116329410757E-002,
"Cm": -1.37985995195391E-003,
"Cn": -5.09453907499622E-004
}
},
"MyAirplane": {
"stability_coordinates": {
"CL": 4.99999999999912E-001,
"CD": 6.07786695181801E-003,
"CY": 0.00000000000000E+000,
"Cl": -1.11022302462516E-017,
"Cm": -2.75971990390781E-003,
"Cn": -1.82145964977565E-018
},
"body_coordinates": {
"CX": -6.07786695181801E-003,
"CY": 0.00000000000000E+000,
"CZ": -4.99999999999912E-001,
"Cl": -1.11022302462516E-017,
"Cm": -2.75971990390781E-003,
"Cn": -1.82145964977565E-018
}
}
},
"viscous": {
"Main_right": {
"stability_coordinates": {
"CL": -0.00000000000000E+000,
"CD": -0.00000000000000E+000,
"CY": 0.00000000000000E+000,
"Cl": 0.00000000000000E+000,
"Cm": 0.00000000000000E+000,
"Cn": 0.00000000000000E+000
},
"body_coordinates": {
"CX": 0.00000000000000E+000,
"CY": 0.00000000000000E+000,
"CZ": 0.00000000000000E+000,
"Cl": 0.00000000000000E+000,
"Cm": 0.00000000000000E+000,
"Cn": 0.00000000000000E+000
}
},
"Main_left": {
"stability_coordinates": {
"CL": -0.00000000000000E+000,
"CD": -0.00000000000000E+000,
"CY": 0.00000000000000E+000,
"Cl": 0.00000000000000E+000,
"Cm": 0.00000000000000E+000,
"Cn": 0.00000000000000E+000
},
"body_coordinates": {
"CX": 0.00000000000000E+000,
"CY": 0.00000000000000E+000,
"CZ": 0.00000000000000E+000,
"Cl": 0.00000000000000E+000,
"Cm": 0.00000000000000E+000,
"Cn": 0.00000000000000E+000
}
},
"MyAirplane": {
"stability_coordinates": {
"CL": -0.00000000000000E+000,
"CD": -0.00000000000000E+000,
"CY": 0.00000000000000E+000,
"Cl": 0.00000000000000E+000,
"Cm": 0.00000000000000E+000,
"Cn": 0.00000000000000E+000
},
"body_coordinates": {
"CX": 0.00000000000000E+000,
"CY": 0.00000000000000E+000,
"CZ": 0.00000000000000E+000,
"Cl": 0.00000000000000E+000,
"Cm": 0.00000000000000E+000,
"Cn": 0.00000000000000E+000
}
}
},
"total": {
"Main_right": {
"stability_coordinates": {
"CL": 2.49999999999956E-001,
"CD": 3.03893347590902E-003,
"CY": 1.59203781681076E-001,
"Cl": -6.44116329410757E-002,
"Cm": -1.37985995195390E-003,
"Cn": 5.09453907499620E-004
},
"body_coordinates": {
"CX": -3.03893347590902E-003,
"CY": 1.59203781681076E-001,
"CZ": -2.49999999999956E-001,
"Cl": -6.44116329410757E-002,
"Cm": -1.37985995195390E-003,
"Cn": 5.09453907499620E-004
}
},
"Main_left": {
"stability_coordinates": {
"CL": 2.49999999999956E-001,
"CD": 3.03893347590899E-003,
"CY": -1.59203781681076E-001,
"Cl": 6.44116329410757E-002,
"Cm": -1.37985995195391E-003,
"Cn": -5.09453907499622E-004
},
"body_coordinates": {
"CX": -3.03893347590899E-003,
"CY": -1.59203781681076E-001,
"CZ": -2.49999999999956E-001,
"Cl": 6.44116329410757E-002,
"Cm": -1.37985995195391E-003,
"Cn": -5.09453907499622E-004
}
},
"MyAirplane": {
"stability_coordinates": {
"CL": 4.99999999999912E-001,
"CD": 6.07786695181801E-003,
"CY": 0.00000000000000E+000,
"Cl": -1.11022302462516E-017,
"Cm": -2.75971990390781E-003,
"Cn": -1.82145964977565E-018
},
"body_coordinates": {
"CX": -6.07786695181801E-003,
"CY": 0.00000000000000E+000,
"CZ": -4.99999999999912E-001,
"Cl": -1.11022302462516E-017,
"Cm": -2.75971990390781E-003,
"Cn": -1.82145964977565E-018
}
}
}
}
