{
"inviscid": {
"Main_right": {
"stability_coordinates": {
"CL": 2.49999188947851E-001,
"CD": 1.70564994309319E-003,
"CY": 1.68813387771343E-001,
"Cl": -6.33146460863092E-002,
"Cm": -1.36512232164153E-003,
"Cn": 2.75723921914860E-004
},
"body_coordinates": {
"CX": -1.70564994309319E-003,
"CY": 1.68813387771343E-001,
"CZ": -2.49999188947851E-001,
"Cl": -6.33146460863092E-002,
"Cm": -1.36512232164153E-003,
"Cn": 2.75723921914860E-004
}
},
"Main_left": {
"stability_coordinates": {
"CL": 2.49999188947851E-001,
"CD": 1.70564994309318E-003,
"CY": -1.68813387771343E-001,
"Cl": 6.33146460863092E-002,
"Cm": -1.36512232164154E-003,
"Cn": -2.75723921914860E-004
},
"body_coordinates": {
"CX": -1.70564994309318E-003,
"CY": -1.68813387771343E-001,
"CZ": -2.49999188947851E-001,
"Cl": 6.33146460863092E-002,
"Cm": -1.36512232164154E-003,
"Cn": -2.75723921914860E-004
}
},
"MyAirplane": {
"stability_coordinates": {
"CL": 4.99998377895702E-001,
"CD": 3.41129988618637E-003,
"CY": 0.00000000000000E+000,
"Cl": 0.00000000000000E+000,
"Cm": -2.73024464328307E-003,
"Cn": -1.62630325872826E-019
},
"body_coordinates": {
"CX": -3.41129988618637E-003,
"CY": 0.00000000000000E+000,
"CZ": -4.99998377895702E-001,
"Cl": 0.00000000000000E+000,
"Cm": -2.73024464328307E-003,
"Cn": -1.62630325872826E-019
}
}
},
"viscous": {
"Main_right": {
"stability_coordinates": {
"CL": -0.00000000000000E+000,
"CD": -0.00000000000000E+000,
"CY": 0.00000000000000E+000,
"Cl": 0.00000000000000E+000,
"Cm": 0.00000000000000E+000,
"Cn": 0.00000000000000E+000
},
"body_coordinates": {
"CX": 0.00000000000000E+000,
"CY": 0.00000000000000E+000,
"CZ": 0.00000000000000E+000,
"Cl": 0.00000000000000E+000,
"Cm": 0.00000000000000E+000,
"Cn": 0.00000000000000E+000
}
},
"Main_left": {
"stability_coordinates": {
"CL": -0.00000000000000E+000,
"CD": -0.00000000000000E+000,
"CY": 0.00000000000000E+000,
"Cl": 0.00000000000000E+000,
"Cm": 0.00000000000000E+000,
"Cn": 0.00000000000000E+000
},
"body_coordinates": {
"CX": 0.00000000000000E+000,
"CY": 0.00000000000000E+000,
"CZ": 0.00000000000000E+000,
"Cl": 0.00000000000000E+000,
"Cm": 0.00000000000000E+000,
"Cn": 0.00000000000000E+000
}
},
"MyAirplane": {
"stability_coordinates": {
"CL": -0.00000000000000E+000,
"CD": -0.00000000000000E+000,
"CY": 0.00000000000000E+000,
"Cl": 0.00000000000000E+000,
"Cm": 0.00000000000000E+000,
"Cn": 0.00000000000000E+000
},
"body_coordinates": {
"CX": 0.00000000000000E+000,
"CY": 0.00000000000000E+000,
"CZ": 0.00000000000000E+000,
"Cl": 0.00000000000000E+000,
"Cm": 0.00000000000000E+000,
"Cn": 0.00000000000000E+000
}
}
},
"total": {
"Main_right": {
"stability_coordinates": {
"CL": 2.49999188947851E-001,
"CD": 1.70564994309319E-003,
"CY": 1.68813387771343E-001,
"Cl": -6.33146460863092E-002,
"Cm": -1.36512232164153E-003,
"Cn": 2.75723921914860E-004
},
"body_coordinates": {
"CX": -1.70564994309319E-003,
"CY": 1.68813387771343E-001,
"CZ": -2.49999188947851E-001,
"Cl": -6.33146460863092E-002,
"Cm": -1.36512232164153E-003,
"Cn": 2.75723921914860E-004
}
},
"Main_left": {
"stability_coordinates": {
"CL": 2.49999188947851E-001,
"CD": 1.70564994309318E-003,
"CY": -1.68813387771343E-001,
"Cl": 6.33146460863092E-002,
"Cm": -1.36512232164154E-003,
"Cn": -2.75723921914860E-004
},
"body_coordinates": {
"CX": -1.70564994309318E-003,
"CY": -1.68813387771343E-001,
"CZ": -2.49999188947851E-001,
"Cl": 6.33146460863092E-002,
"Cm": -1.36512232164154E-003,
"Cn": -2.75723921914860E-004
}
},
"MyAirplane": {
"stability_coordinates": {
"CL": 4.99998377895702E-001,
"CD": 3.41129988618637E-003,
"CY": 0.00000000000000E+000,
"Cl": 0.00000000000000E+000,
"Cm": -2.73024464328307E-003,
"Cn": -1.62630325872826E-019
},
"body_coordinates": {
"CX": -3.41129988618637E-003,
"CY": 0.00000000000000E+000,
"CZ": -4.99998377895702E-001,
"Cl": 0.00000000000000E+000,
"Cm": -2.73024464328307E-003,
"Cn": -1.62630325872826E-019
}
}
}
}
