{
"inviscid": {
"Main_right": {
"stability_coordinates": {
"CL": 2.49999999999991E-001,
"CD": 5.17374897568070E-003,
"CY": 0.00000000000000E+000,
"Cl": -5.73464164018173E-002,
"Cm": 0.00000000000000E+000,
"Cn": 1.48566772571913E-003
},
"body_coordinates": {
"CX": -5.17374897568070E-003,
"CY": 0.00000000000000E+000,
"CZ": -2.49999999999991E-001,
"Cl": -5.73464164018173E-002,
"Cm": 0.00000000000000E+000,
"Cn": 1.48566772571913E-003
}
},
"Main_left": {
"stability_coordinates": {
"CL": 2.49999999999991E-001,
"CD": 5.17374897568070E-003,
"CY": 0.00000000000000E+000,
"Cl": 5.73464164018173E-002,
"Cm": 0.00000000000000E+000,
"Cn": -1.48566772571913E-003
},
"body_coordinates": {
"CX": -5.17374897568070E-003,
"CY": 0.00000000000000E+000,
"CZ": -2.49999999999991E-001,
"Cl": 5.73464164018173E-002,
"Cm": 0.00000000000000E+000,
"Cn": -1.48566772571913E-003
}
},
"MyAirplane": {
"stability_coordinates": {
"CL": 4.99999999999982E-001,
"CD": 1.03474979513614E-002,
"CY": 0.00000000000000E+000,
"Cl": 0.00000000000000E+000,
"Cm": 0.00000000000000E+000,
"Cn": 1.30104260698261E-018
},
"body_coordinates": {
"CX": -1.03474979513614E-002,
"CY": 0.00000000000000E+000,
"CZ": -4.99999999999982E-001,
"Cl": 0.00000000000000E+000,
"Cm": 0.00000000000000E+000,
"Cn": 1.30104260698261E-018
}
}
},
"viscous": {
"Main_right": {
"stability_coordinates": {
"CL": -0.00000000000000E+000,
"CD": -0.00000000000000E+000,
"CY": 0.00000000000000E+000,
"Cl": 0.00000000000000E+000,
"Cm": 0.00000000000000E+000,
"Cn": 0.00000000000000E+000
},
"body_coordinates": {
"CX": 0.00000000000000E+000,
"CY": 0.00000000000000E+000,
"CZ": 0.00000000000000E+000,
"Cl": 0.00000000000000E+000,
"Cm": 0.00000000000000E+000,
"Cn": 0.00000000000000E+000
}
},
"Main_left": {
"stability_coordinates": {
"CL": -0.00000000000000E+000,
"CD": -0.00000000000000E+000,
"CY": 0.00000000000000E+000,
"Cl": 0.00000000000000E+000,
"Cm": 0.00000000000000E+000,
"Cn": 0.00000000000000E+000
},
"body_coordinates": {
"CX": 0.00000000000000E+000,
"CY": 0.00000000000000E+000,
"CZ": 0.00000000000000E+000,
"Cl": 0.00000000000000E+000,
"Cm": 0.00000000000000E+000,
"Cn": 0.00000000000000E+000
}
},
"MyAirplane": {
"stability_coordinates": {
"CL": -0.00000000000000E+000,
"CD": -0.00000000000000E+000,
"CY": 0.00000000000000E+000,
"Cl": 0.00000000000000E+000,
"Cm": 0.00000000000000E+000,
"Cn": 0.00000000000000E+000
},
"body_coordinates": {
"CX": 0.00000000000000E+000,
"CY": 0.00000000000000E+000,
"CZ": 0.00000000000000E+000,
"Cl": 0.00000000000000E+000,
"Cm": 0.00000000000000E+000,
"Cn": 0.00000000000000E+000
}
}
},
"total": {
"Main_right": {
"stability_coordinates": {
"CL": 2.49999999999991E-001,
"CD": 5.17374897568070E-003,
"CY": 0.00000000000000E+000,
"Cl": -5.73464164018173E-002,
"Cm": 0.00000000000000E+000,
"Cn": 1.48566772571913E-003
},
"body_coordinates": {
"CX": -5.17374897568070E-003,
"CY": 0.00000000000000E+000,
"CZ": -2.49999999999991E-001,
"Cl": -5.73464164018173E-002,
"Cm": 0.00000000000000E+000,
"Cn": 1.48566772571913E-003
}
},
"Main_left": {
"stability_coordinates": {
"CL": 2.49999999999991E-001,
"CD": 5.17374897568070E-003,
"CY": 0.00000000000000E+000,
"Cl": 5.73464164018173E-002,
"Cm": 0.00000000000000E+000,
"Cn": -1.48566772571913E-003
},
"body_coordinates": {
"CX": -5.17374897568070E-003,
"CY": 0.00000000000000E+000,
"CZ": -2.49999999999991E-001,
"Cl": 5.73464164018173E-002,
"Cm": 0.00000000000000E+000,
"Cn": -1.48566772571913E-003
}
},
"MyAirplane": {
"stability_coordinates": {
"CL": 4.99999999999982E-001,
"CD": 1.03474979513614E-002,
"CY": 0.00000000000000E+000,
"Cl": 0.00000000000000E+000,
"Cm": 0.00000000000000E+000,
"Cn": 1.30104260698261E-018
},
"body_coordinates": {
"CX": -1.03474979513614E-002,
"CY": 0.00000000000000E+000,
"CZ": -4.99999999999982E-001,
"Cl": 0.00000000000000E+000,
"Cm": 0.00000000000000E+000,
"Cn": 1.30104260698261E-018
}
}
}
}
