{
"inviscid": {
"Main_right": {
"stability_coordinates": {
"CL": 2.49999999999801E-001,
"CD": 4.76577708340090E-003,
"CY": -9.33535281061713E-003,
"Cl": -5.30636593184040E-002,
"Cm": 1.64404442768944E-004,
"Cn": 1.01062069106758E-003
},
"body_coordinates": {
"CX": -4.76577708340090E-003,
"CY": -9.33535281061713E-003,
"CZ": -2.49999999999801E-001,
"Cl": -5.30636593184040E-002,
"Cm": 1.64404442768944E-004,
"Cn": 1.01062069106758E-003
}
},
"Main_left": {
"stability_coordinates": {
"CL": 2.49999999999801E-001,
"CD": 4.76577708340092E-003,
"CY": 9.33535281061713E-003,
"Cl": 5.30636593184040E-002,
"Cm": 1.64404442768944E-004,
"Cn": -1.01062069106758E-003
},
"body_coordinates": {
"CX": -4.76577708340092E-003,
"CY": 9.33535281061713E-003,
"CZ": -2.49999999999801E-001,
"Cl": 5.30636593184040E-002,
"Cm": 1.64404442768944E-004,
"Cn": -1.01062069106758E-003
}
},
"MyAirplane": {
"stability_coordinates": {
"CL": 4.99999999999601E-001,
"CD": 9.53155416680182E-003,
"CY": 0.00000000000000E+000,
"Cl": 1.38777878078145E-017,
"Cm": 3.28808885537887E-004,
"Cn": -6.50521303491303E-019
},
"body_coordinates": {
"CX": -9.53155416680182E-003,
"CY": 0.00000000000000E+000,
"CZ": -4.99999999999601E-001,
"Cl": 1.38777878078145E-017,
"Cm": 3.28808885537887E-004,
"Cn": -6.50521303491303E-019
}
}
},
"viscous": {
"Main_right": {
"stability_coordinates": {
"CL": -0.00000000000000E+000,
"CD": -0.00000000000000E+000,
"CY": 0.00000000000000E+000,
"Cl": 0.00000000000000E+000,
"Cm": 0.00000000000000E+000,
"Cn": 0.00000000000000E+000
},
"body_coordinates": {
"CX": 0.00000000000000E+000,
"CY": 0.00000000000000E+000,
"CZ": 0.00000000000000E+000,
"Cl": 0.00000000000000E+000,
"Cm": 0.00000000000000E+000,
"Cn": 0.00000000000000E+000
}
},
"Main_left": {
"stability_coordinates": {
"CL": -0.00000000000000E+000,
"CD": -0.00000000000000E+000,
"CY": 0.00000000000000E+000,
"Cl": 0.00000000000000E+000,
"Cm": 0.00000000000000E+000,
"Cn": 0.00000000000000E+000
},
"body_coordinates": {
"CX": 0.00000000000000E+000,
"CY": 0.00000000000000E+000,
"CZ": 0.00000000000000E+000,
"Cl": 0.00000000000000E+000,
"Cm": 0.00000000000000E+000,
"Cn": 0.00000000000000E+000
}
},
"MyAirplane": {
"stability_coordinates": {
"CL": -0.00000000000000E+000,
"CD": -0.00000000000000E+000,
"CY": 0.00000000000000E+000,
"Cl": 0.00000000000000E+000,
"Cm": 0.00000000000000E+000,
"Cn": 0.00000000000000E+000
},
"body_coordinates": {
"CX": 0.00000000000000E+000,
"CY": 0.00000000000000E+000,
"CZ": 0.00000000000000E+000,
"Cl": 0.00000000000000E+000,
"Cm": 0.00000000000000E+000,
"Cn": 0.00000000000000E+000
}
}
},
"total": {
"Main_right": {
"stability_coordinates": {
"CL": 2.49999999999801E-001,
"CD": 4.76577708340090E-003,
"CY": -9.33535281061713E-003,
"Cl": -5.30636593184040E-002,
"Cm": 1.64404442768944E-004,
"Cn": 1.01062069106758E-003
},
"body_coordinates": {
"CX": -4.76577708340090E-003,
"CY": -9.33535281061713E-003,
"CZ": -2.49999999999801E-001,
"Cl": -5.30636593184040E-002,
"Cm": 1.64404442768944E-004,
"Cn": 1.01062069106758E-003
}
},
"Main_left": {
"stability_coordinates": {
"CL": 2.49999999999801E-001,
"CD": 4.76577708340092E-003,
"CY": 9.33535281061713E-003,
"Cl": 5.30636593184040E-002,
"Cm": 1.64404442768944E-004,
"Cn": -1.01062069106758E-003
},
"body_coordinates": {
"CX": -4.76577708340092E-003,
"CY": 9.33535281061713E-003,
"CZ": -2.49999999999801E-001,
"Cl": 5.30636593184040E-002,
"Cm": 1.64404442768944E-004,
"Cn": -1.01062069106758E-003
}
},
"MyAirplane": {
"stability_coordinates": {
"CL": 4.99999999999601E-001,
"CD": 9.53155416680182E-003,
"CY": 0.00000000000000E+000,
"Cl": 1.38777878078145E-017,
"Cm": 3.28808885537887E-004,
"Cn": -6.50521303491303E-019
},
"body_coordinates": {
"CX": -9.53155416680182E-003,
"CY": 0.00000000000000E+000,
"CZ": -4.99999999999601E-001,
"Cl": 1.38777878078145E-017,
"Cm": 3.28808885537887E-004,
"Cn": -6.50521303491303E-019
}
}
}
}
