{
"inviscid": {
"Main_right": {
"stability_coordinates": {
"CL": 2.50000000000000E-001,
"CD": 1.70691060104602E-003,
"CY": 1.69884299047344E-001,
"Cl": -6.33079342841496E-002,
"Cm": -1.37724234395701E-003,
"Cn": 2.75226490266914E-004
},
"body_coordinates": {
"CX": -1.70691060104602E-003,
"CY": 1.69884299047344E-001,
"CZ": -2.50000000000000E-001,
"Cl": -6.33079342841496E-002,
"Cm": -1.37724234395701E-003,
"Cn": 2.75226490266914E-004
}
},
"Main_left": {
"stability_coordinates": {
"CL": 2.50000000000000E-001,
"CD": 1.70691060104603E-003,
"CY": -1.69884299047344E-001,
"Cl": 6.33079342841497E-002,
"Cm": -1.37724234395702E-003,
"Cn": -2.75226490266916E-004
},
"body_coordinates": {
"CX": -1.70691060104603E-003,
"CY": -1.69884299047344E-001,
"CZ": -2.50000000000000E-001,
"Cl": 6.33079342841497E-002,
"Cm": -1.37724234395702E-003,
"Cn": -2.75226490266916E-004
}
},
"MyAirplane": {
"stability_coordinates": {
"CL": 4.99999999999999E-001,
"CD": 3.41382120209205E-003,
"CY": 0.00000000000000E+000,
"Cl": 1.38777878078145E-017,
"Cm": -2.75448468791403E-003,
"Cn": -2.05998412772246E-018
},
"body_coordinates": {
"CX": -3.41382120209205E-003,
"CY": 0.00000000000000E+000,
"CZ": -4.99999999999999E-001,
"Cl": 1.38777878078145E-017,
"Cm": -2.75448468791403E-003,
"Cn": -2.05998412772246E-018
}
}
},
"viscous": {
"Main_right": {
"stability_coordinates": {
"CL": -0.00000000000000E+000,
"CD": -0.00000000000000E+000,
"CY": 0.00000000000000E+000,
"Cl": 0.00000000000000E+000,
"Cm": 0.00000000000000E+000,
"Cn": 0.00000000000000E+000
},
"body_coordinates": {
"CX": 0.00000000000000E+000,
"CY": 0.00000000000000E+000,
"CZ": 0.00000000000000E+000,
"Cl": 0.00000000000000E+000,
"Cm": 0.00000000000000E+000,
"Cn": 0.00000000000000E+000
}
},
"Main_left": {
"stability_coordinates": {
"CL": -0.00000000000000E+000,
"CD": -0.00000000000000E+000,
"CY": 0.00000000000000E+000,
"Cl": 0.00000000000000E+000,
"Cm": 0.00000000000000E+000,
"Cn": 0.00000000000000E+000
},
"body_coordinates": {
"CX": 0.00000000000000E+000,
"CY": 0.00000000000000E+000,
"CZ": 0.00000000000000E+000,
"Cl": 0.00000000000000E+000,
"Cm": 0.00000000000000E+000,
"Cn": 0.00000000000000E+000
}
},
"MyAirplane": {
"stability_coordinates": {
"CL": -0.00000000000000E+000,
"CD": -0.00000000000000E+000,
"CY": 0.00000000000000E+000,
"Cl": 0.00000000000000E+000,
"Cm": 0.00000000000000E+000,
"Cn": 0.00000000000000E+000
},
"body_coordinates": {
"CX": 0.00000000000000E+000,
"CY": 0.00000000000000E+000,
"CZ": 0.00000000000000E+000,
"Cl": 0.00000000000000E+000,
"Cm": 0.00000000000000E+000,
"Cn": 0.00000000000000E+000
}
}
},
"total": {
"Main_right": {
"stability_coordinates": {
"CL": 2.50000000000000E-001,
"CD": 1.70691060104602E-003,
"CY": 1.69884299047344E-001,
"Cl": -6.33079342841496E-002,
"Cm": -1.37724234395701E-003,
"Cn": 2.75226490266914E-004
},
"body_coordinates": {
"CX": -1.70691060104602E-003,
"CY": 1.69884299047344E-001,
"CZ": -2.50000000000000E-001,
"Cl": -6.33079342841496E-002,
"Cm": -1.37724234395701E-003,
"Cn": 2.75226490266914E-004
}
},
"Main_left": {
"stability_coordinates": {
"CL": 2.50000000000000E-001,
"CD": 1.70691060104603E-003,
"CY": -1.69884299047344E-001,
"Cl": 6.33079342841497E-002,
"Cm": -1.37724234395702E-003,
"Cn": -2.75226490266916E-004
},
"body_coordinates": {
"CX": -1.70691060104603E-003,
"CY": -1.69884299047344E-001,
"CZ": -2.50000000000000E-001,
"Cl": 6.33079342841497E-002,
"Cm": -1.37724234395702E-003,
"Cn": -2.75226490266916E-004
}
},
"MyAirplane": {
"stability_coordinates": {
"CL": 4.99999999999999E-001,
"CD": 3.41382120209205E-003,
"CY": 0.00000000000000E+000,
"Cl": 1.38777878078145E-017,
"Cm": -2.75448468791403E-003,
"Cn": -2.05998412772246E-018
},
"body_coordinates": {
"CX": -3.41382120209205E-003,
"CY": 0.00000000000000E+000,
"CZ": -4.99999999999999E-001,
"Cl": 1.38777878078145E-017,
"Cm": -2.75448468791403E-003,
"Cn": -2.05998412772246E-018
}
}
}
}
