{
"inviscid": {
"Main_right": {
"stability_coordinates": {
"CL": 2.50000000000002E-001,
"CD": 3.54348207289538E-003,
"CY": 1.00096013876820E-001,
"Cl": -5.24705534372335E-002,
"Cm": -9.35766769876219E-004,
"Cn": 5.57057939108240E-004
},
"body_coordinates": {
"CX": -3.54348207289538E-003,
"CY": 1.00096013876820E-001,
"CZ": -2.50000000000002E-001,
"Cl": -5.24705534372335E-002,
"Cm": -9.35766769876219E-004,
"Cn": 5.57057939108240E-004
}
},
"Main_left": {
"stability_coordinates": {
"CL": 2.50000000000001E-001,
"CD": 3.54348207289537E-003,
"CY": -1.00096013876820E-001,
"Cl": 5.24705534372335E-002,
"Cm": -9.35766769876219E-004,
"Cn": -5.57057939108240E-004
},
"body_coordinates": {
"CX": -3.54348207289537E-003,
"CY": -1.00096013876820E-001,
"CZ": -2.50000000000001E-001,
"Cl": 5.24705534372335E-002,
"Cm": -9.35766769876219E-004,
"Cn": -5.57057939108240E-004
}
},
"MyAirplane": {
"stability_coordinates": {
"CL": 5.00000000000003E-001,
"CD": 7.08696414579075E-003,
"CY": 0.00000000000000E+000,
"Cl": 0.00000000000000E+000,
"Cm": -1.87153353975244E-003,
"Cn": 2.16840434497101E-019
},
"body_coordinates": {
"CX": -7.08696414579075E-003,
"CY": 0.00000000000000E+000,
"CZ": -5.00000000000003E-001,
"Cl": 0.00000000000000E+000,
"Cm": -1.87153353975244E-003,
"Cn": 2.16840434497101E-019
}
}
},
"viscous": {
"Main_right": {
"stability_coordinates": {
"CL": -0.00000000000000E+000,
"CD": -0.00000000000000E+000,
"CY": 0.00000000000000E+000,
"Cl": 0.00000000000000E+000,
"Cm": 0.00000000000000E+000,
"Cn": 0.00000000000000E+000
},
"body_coordinates": {
"CX": 0.00000000000000E+000,
"CY": 0.00000000000000E+000,
"CZ": 0.00000000000000E+000,
"Cl": 0.00000000000000E+000,
"Cm": 0.00000000000000E+000,
"Cn": 0.00000000000000E+000
}
},
"Main_left": {
"stability_coordinates": {
"CL": -0.00000000000000E+000,
"CD": -0.00000000000000E+000,
"CY": 0.00000000000000E+000,
"Cl": 0.00000000000000E+000,
"Cm": 0.00000000000000E+000,
"Cn": 0.00000000000000E+000
},
"body_coordinates": {
"CX": 0.00000000000000E+000,
"CY": 0.00000000000000E+000,
"CZ": 0.00000000000000E+000,
"Cl": 0.00000000000000E+000,
"Cm": 0.00000000000000E+000,
"Cn": 0.00000000000000E+000
}
},
"MyAirplane": {
"stability_coordinates": {
"CL": -0.00000000000000E+000,
"CD": -0.00000000000000E+000,
"CY": 0.00000000000000E+000,
"Cl": 0.00000000000000E+000,
"Cm": 0.00000000000000E+000,
"Cn": 0.00000000000000E+000
},
"body_coordinates": {
"CX": 0.00000000000000E+000,
"CY": 0.00000000000000E+000,
"CZ": 0.00000000000000E+000,
"Cl": 0.00000000000000E+000,
"Cm": 0.00000000000000E+000,
"Cn": 0.00000000000000E+000
}
}
},
"total": {
"Main_right": {
"stability_coordinates": {
"CL": 2.50000000000002E-001,
"CD": 3.54348207289538E-003,
"CY": 1.00096013876820E-001,
"Cl": -5.24705534372335E-002,
"Cm": -9.35766769876219E-004,
"Cn": 5.57057939108240E-004
},
"body_coordinates": {
"CX": -3.54348207289538E-003,
"CY": 1.00096013876820E-001,
"CZ": -2.50000000000002E-001,
"Cl": -5.24705534372335E-002,
"Cm": -9.35766769876219E-004,
"Cn": 5.57057939108240E-004
}
},
"Main_left": {
"stability_coordinates": {
"CL": 2.50000000000001E-001,
"CD": 3.54348207289537E-003,
"CY": -1.00096013876820E-001,
"Cl": 5.24705534372335E-002,
"Cm": -9.35766769876219E-004,
"Cn": -5.57057939108240E-004
},
"body_coordinates": {
"CX": -3.54348207289537E-003,
"CY": -1.00096013876820E-001,
"CZ": -2.50000000000001E-001,
"Cl": 5.24705534372335E-002,
"Cm": -9.35766769876219E-004,
"Cn": -5.57057939108240E-004
}
},
"MyAirplane": {
"stability_coordinates": {
"CL": 5.00000000000003E-001,
"CD": 7.08696414579075E-003,
"CY": 0.00000000000000E+000,
"Cl": 0.00000000000000E+000,
"Cm": -1.87153353975244E-003,
"Cn": 2.16840434497101E-019
},
"body_coordinates": {
"CX": -7.08696414579075E-003,
"CY": 0.00000000000000E+000,
"CZ": -5.00000000000003E-001,
"Cl": 0.00000000000000E+000,
"Cm": -1.87153353975244E-003,
"Cn": 2.16840434497101E-019
}
}
}
}
