{
"inviscid": {
"Main_right": {
"stability_coordinates": {
"CL": 4.02777777777776E-001,
"CD": 5.07127454382884E-003,
"CY": 2.62210750003151E-001,
"Cl": -1.04217549148671E-001,
"Cm": -4.09825585547613E-003,
"Cn": 8.79547617093365E-004
},
"body_coordinates": {
"CX": -5.07127454382884E-003,
"CY": 2.62210750003151E-001,
"CZ": -4.02777777777776E-001,
"Cl": -1.04217549148671E-001,
"Cm": -4.09825585547613E-003,
"Cn": 8.79547617093365E-004
}
},
"Main_left": {
"stability_coordinates": {
"CL": 4.02777777777776E-001,
"CD": 5.07127454382880E-003,
"CY": -2.62210750003151E-001,
"Cl": 1.04217549148671E-001,
"Cm": -4.09825585547613E-003,
"Cn": -8.79547617093364E-004
},
"body_coordinates": {
"CX": -5.07127454382880E-003,
"CY": -2.62210750003151E-001,
"CZ": -4.02777777777776E-001,
"Cl": 1.04217549148671E-001,
"Cm": -4.09825585547613E-003,
"Cn": -8.79547617093364E-004
}
},
"MyAirplane": {
"stability_coordinates": {
"CL": 8.05555555555553E-001,
"CD": 1.01425490876576E-002,
"CY": 0.00000000000000E+000,
"Cl": -2.77555756156289E-017,
"Cm": -8.19651171095226E-003,
"Cn": 1.84314369322536E-018
},
"body_coordinates": {
"CX": -1.01425490876576E-002,
"CY": 0.00000000000000E+000,
"CZ": -8.05555555555553E-001,
"Cl": -2.77555756156289E-017,
"Cm": -8.19651171095226E-003,
"Cn": 1.84314369322536E-018
}
}
},
"viscous": {
"Main_right": {
"stability_coordinates": {
"CL": -0.00000000000000E+000,
"CD": -0.00000000000000E+000,
"CY": 0.00000000000000E+000,
"Cl": 0.00000000000000E+000,
"Cm": 0.00000000000000E+000,
"Cn": 0.00000000000000E+000
},
"body_coordinates": {
"CX": 0.00000000000000E+000,
"CY": 0.00000000000000E+000,
"CZ": 0.00000000000000E+000,
"Cl": 0.00000000000000E+000,
"Cm": 0.00000000000000E+000,
"Cn": 0.00000000000000E+000
}
},
"Main_left": {
"stability_coordinates": {
"CL": -0.00000000000000E+000,
"CD": -0.00000000000000E+000,
"CY": 0.00000000000000E+000,
"Cl": 0.00000000000000E+000,
"Cm": 0.00000000000000E+000,
"Cn": 0.00000000000000E+000
},
"body_coordinates": {
"CX": 0.00000000000000E+000,
"CY": 0.00000000000000E+000,
"CZ": 0.00000000000000E+000,
"Cl": 0.00000000000000E+000,
"Cm": 0.00000000000000E+000,
"Cn": 0.00000000000000E+000
}
},
"MyAirplane": {
"stability_coordinates": {
"CL": -0.00000000000000E+000,
"CD": -0.00000000000000E+000,
"CY": 0.00000000000000E+000,
"Cl": 0.00000000000000E+000,
"Cm": 0.00000000000000E+000,
"Cn": 0.00000000000000E+000
},
"body_coordinates": {
"CX": 0.00000000000000E+000,
"CY": 0.00000000000000E+000,
"CZ": 0.00000000000000E+000,
"Cl": 0.00000000000000E+000,
"Cm": 0.00000000000000E+000,
"Cn": 0.00000000000000E+000
}
}
},
"total": {
"Main_right": {
"stability_coordinates": {
"CL": 4.02777777777776E-001,
"CD": 5.07127454382884E-003,
"CY": 2.62210750003151E-001,
"Cl": -1.04217549148671E-001,
"Cm": -4.09825585547613E-003,
"Cn": 8.79547617093365E-004
},
"body_coordinates": {
"CX": -5.07127454382884E-003,
"CY": 2.62210750003151E-001,
"CZ": -4.02777777777776E-001,
"Cl": -1.04217549148671E-001,
"Cm": -4.09825585547613E-003,
"Cn": 8.79547617093365E-004
}
},
"Main_left": {
"stability_coordinates": {
"CL": 4.02777777777776E-001,
"CD": 5.07127454382880E-003,
"CY": -2.62210750003151E-001,
"Cl": 1.04217549148671E-001,
"Cm": -4.09825585547613E-003,
"Cn": -8.79547617093364E-004
},
"body_coordinates": {
"CX": -5.07127454382880E-003,
"CY": -2.62210750003151E-001,
"CZ": -4.02777777777776E-001,
"Cl": 1.04217549148671E-001,
"Cm": -4.09825585547613E-003,
"Cn": -8.79547617093364E-004
}
},
"MyAirplane": {
"stability_coordinates": {
"CL": 8.05555555555553E-001,
"CD": 1.01425490876576E-002,
"CY": 0.00000000000000E+000,
"Cl": -2.77555756156289E-017,
"Cm": -8.19651171095226E-003,
"Cn": 1.84314369322536E-018
},
"body_coordinates": {
"CX": -1.01425490876576E-002,
"CY": 0.00000000000000E+000,
"CZ": -8.05555555555553E-001,
"Cl": -2.77555756156289E-017,
"Cm": -8.19651171095226E-003,
"Cn": 1.84314369322536E-018
}
}
}
}
