{
"inviscid": {
"Main_right": {
"stability_coordinates": {
"CL": 2.34848484848491E-001,
"CD": 1.48304739696562E-003,
"CY": 1.60072868506577E-001,
"Cl": -5.93481206165916E-002,
"Cm": -1.19348072098640E-003,
"Cn": 2.38343316944841E-004
},
"body_coordinates": {
"CX": -1.48304739696562E-003,
"CY": 1.60072868506577E-001,
"CZ": -2.34848484848491E-001,
"Cl": -5.93481206165916E-002,
"Cm": -1.19348072098640E-003,
"Cn": 2.38343316944841E-004
}
},
"Main_left": {
"stability_coordinates": {
"CL": 2.34848484848491E-001,
"CD": 1.48304739696562E-003,
"CY": -1.60072868506577E-001,
"Cl": 5.93481206165916E-002,
"Cm": -1.19348072098639E-003,
"Cn": -2.38343316944840E-004
},
"body_coordinates": {
"CX": -1.48304739696562E-003,
"CY": -1.60072868506577E-001,
"CZ": -2.34848484848491E-001,
"Cl": 5.93481206165916E-002,
"Cm": -1.19348072098639E-003,
"Cn": -2.38343316944840E-004
}
},
"MyAirplane": {
"stability_coordinates": {
"CL": 4.69696969696981E-001,
"CD": 2.96609479393124E-003,
"CY": 0.00000000000000E+000,
"Cl": -2.08166817117217E-017,
"Cm": -2.38696144197279E-003,
"Cn": 7.58941520739853E-019
},
"body_coordinates": {
"CX": -2.96609479393124E-003,
"CY": 0.00000000000000E+000,
"CZ": -4.69696969696981E-001,
"Cl": -2.08166817117217E-017,
"Cm": -2.38696144197279E-003,
"Cn": 7.58941520739853E-019
}
}
},
"viscous": {
"Main_right": {
"stability_coordinates": {
"CL": -0.00000000000000E+000,
"CD": -0.00000000000000E+000,
"CY": 0.00000000000000E+000,
"Cl": 0.00000000000000E+000,
"Cm": 0.00000000000000E+000,
"Cn": 0.00000000000000E+000
},
"body_coordinates": {
"CX": 0.00000000000000E+000,
"CY": 0.00000000000000E+000,
"CZ": 0.00000000000000E+000,
"Cl": 0.00000000000000E+000,
"Cm": 0.00000000000000E+000,
"Cn": 0.00000000000000E+000
}
},
"Main_left": {
"stability_coordinates": {
"CL": -0.00000000000000E+000,
"CD": -0.00000000000000E+000,
"CY": 0.00000000000000E+000,
"Cl": 0.00000000000000E+000,
"Cm": 0.00000000000000E+000,
"Cn": 0.00000000000000E+000
},
"body_coordinates": {
"CX": 0.00000000000000E+000,
"CY": 0.00000000000000E+000,
"CZ": 0.00000000000000E+000,
"Cl": 0.00000000000000E+000,
"Cm": 0.00000000000000E+000,
"Cn": 0.00000000000000E+000
}
},
"MyAirplane": {
"stability_coordinates": {
"CL": -0.00000000000000E+000,
"CD": -0.00000000000000E+000,
"CY": 0.00000000000000E+000,
"Cl": 0.00000000000000E+000,
"Cm": 0.00000000000000E+000,
"Cn": 0.00000000000000E+000
},
"body_coordinates": {
"CX": 0.00000000000000E+000,
"CY": 0.00000000000000E+000,
"CZ": 0.00000000000000E+000,
"Cl": 0.00000000000000E+000,
"Cm": 0.00000000000000E+000,
"Cn": 0.00000000000000E+000
}
}
},
"total": {
"Main_right": {
"stability_coordinates": {
"CL": 2.34848484848491E-001,
"CD": 1.48304739696562E-003,
"CY": 1.60072868506577E-001,
"Cl": -5.93481206165916E-002,
"Cm": -1.19348072098640E-003,
"Cn": 2.38343316944841E-004
},
"body_coordinates": {
"CX": -1.48304739696562E-003,
"CY": 1.60072868506577E-001,
"CZ": -2.34848484848491E-001,
"Cl": -5.93481206165916E-002,
"Cm": -1.19348072098640E-003,
"Cn": 2.38343316944841E-004
}
},
"Main_left": {
"stability_coordinates": {
"CL": 2.34848484848491E-001,
"CD": 1.48304739696562E-003,
"CY": -1.60072868506577E-001,
"Cl": 5.93481206165916E-002,
"Cm": -1.19348072098639E-003,
"Cn": -2.38343316944840E-004
},
"body_coordinates": {
"CX": -1.48304739696562E-003,
"CY": -1.60072868506577E-001,
"CZ": -2.34848484848491E-001,
"Cl": 5.93481206165916E-002,
"Cm": -1.19348072098639E-003,
"Cn": -2.38343316944840E-004
}
},
"MyAirplane": {
"stability_coordinates": {
"CL": 4.69696969696981E-001,
"CD": 2.96609479393124E-003,
"CY": 0.00000000000000E+000,
"Cl": -2.08166817117217E-017,
"Cm": -2.38696144197279E-003,
"Cn": 7.58941520739853E-019
},
"body_coordinates": {
"CX": -2.96609479393124E-003,
"CY": 0.00000000000000E+000,
"CZ": -4.69696969696981E-001,
"Cl": -2.08166817117217E-017,
"Cm": -2.38696144197279E-003,
"Cn": 7.58941520739853E-019
}
}
}
}
