{
"inviscid": {
"Main_right": {
"stability_coordinates": {
"CL": 2.49999999999971E-001,
"CD": 1.68704178761215E-003,
"CY": 1.68605744903494E-001,
"Cl": -6.34235968893808E-002,
"Cm": -1.37059929390262E-003,
"Cn": 2.80644532285230E-004
},
"body_coordinates": {
"CX": -1.68704178761215E-003,
"CY": 1.68605744903494E-001,
"CZ": -2.49999999999971E-001,
"Cl": -6.34235968893808E-002,
"Cm": -1.37059929390262E-003,
"Cn": 2.80644532285230E-004
}
},
"Main_left": {
"stability_coordinates": {
"CL": 2.49999999999971E-001,
"CD": 1.68704178761211E-003,
"CY": -1.68605744903494E-001,
"Cl": 6.34235968893808E-002,
"Cm": -1.37059929390261E-003,
"Cn": -2.80644532285229E-004
},
"body_coordinates": {
"CX": -1.68704178761211E-003,
"CY": -1.68605744903494E-001,
"CZ": -2.49999999999971E-001,
"Cl": 6.34235968893808E-002,
"Cm": -1.37059929390261E-003,
"Cn": -2.80644532285229E-004
}
},
"MyAirplane": {
"stability_coordinates": {
"CL": 4.99999999999941E-001,
"CD": 3.37408357522425E-003,
"CY": 2.77555756156289E-017,
"Cl": 1.38777878078145E-017,
"Cm": -2.74119858780523E-003,
"Cn": 1.35525271560688E-018
},
"body_coordinates": {
"CX": -3.37408357522425E-003,
"CY": 2.77555756156289E-017,
"CZ": -4.99999999999941E-001,
"Cl": 1.38777878078145E-017,
"Cm": -2.74119858780523E-003,
"Cn": 1.35525271560688E-018
}
}
},
"viscous": {
"Main_right": {
"stability_coordinates": {
"CL": -0.00000000000000E+000,
"CD": -0.00000000000000E+000,
"CY": 0.00000000000000E+000,
"Cl": 0.00000000000000E+000,
"Cm": 0.00000000000000E+000,
"Cn": 0.00000000000000E+000
},
"body_coordinates": {
"CX": 0.00000000000000E+000,
"CY": 0.00000000000000E+000,
"CZ": 0.00000000000000E+000,
"Cl": 0.00000000000000E+000,
"Cm": 0.00000000000000E+000,
"Cn": 0.00000000000000E+000
}
},
"Main_left": {
"stability_coordinates": {
"CL": -0.00000000000000E+000,
"CD": -0.00000000000000E+000,
"CY": 0.00000000000000E+000,
"Cl": 0.00000000000000E+000,
"Cm": 0.00000000000000E+000,
"Cn": 0.00000000000000E+000
},
"body_coordinates": {
"CX": 0.00000000000000E+000,
"CY": 0.00000000000000E+000,
"CZ": 0.00000000000000E+000,
"Cl": 0.00000000000000E+000,
"Cm": 0.00000000000000E+000,
"Cn": 0.00000000000000E+000
}
},
"MyAirplane": {
"stability_coordinates": {
"CL": -0.00000000000000E+000,
"CD": -0.00000000000000E+000,
"CY": 0.00000000000000E+000,
"Cl": 0.00000000000000E+000,
"Cm": 0.00000000000000E+000,
"Cn": 0.00000000000000E+000
},
"body_coordinates": {
"CX": 0.00000000000000E+000,
"CY": 0.00000000000000E+000,
"CZ": 0.00000000000000E+000,
"Cl": 0.00000000000000E+000,
"Cm": 0.00000000000000E+000,
"Cn": 0.00000000000000E+000
}
}
},
"total": {
"Main_right": {
"stability_coordinates": {
"CL": 2.49999999999971E-001,
"CD": 1.68704178761215E-003,
"CY": 1.68605744903494E-001,
"Cl": -6.34235968893808E-002,
"Cm": -1.37059929390262E-003,
"Cn": 2.80644532285230E-004
},
"body_coordinates": {
"CX": -1.68704178761215E-003,
"CY": 1.68605744903494E-001,
"CZ": -2.49999999999971E-001,
"Cl": -6.34235968893808E-002,
"Cm": -1.37059929390262E-003,
"Cn": 2.80644532285230E-004
}
},
"Main_left": {
"stability_coordinates": {
"CL": 2.49999999999971E-001,
"CD": 1.68704178761211E-003,
"CY": -1.68605744903494E-001,
"Cl": 6.34235968893808E-002,
"Cm": -1.37059929390261E-003,
"Cn": -2.80644532285229E-004
},
"body_coordinates": {
"CX": -1.68704178761211E-003,
"CY": -1.68605744903494E-001,
"CZ": -2.49999999999971E-001,
"Cl": 6.34235968893808E-002,
"Cm": -1.37059929390261E-003,
"Cn": -2.80644532285229E-004
}
},
"MyAirplane": {
"stability_coordinates": {
"CL": 4.99999999999941E-001,
"CD": 3.37408357522425E-003,
"CY": 2.77555756156289E-017,
"Cl": 1.38777878078145E-017,
"Cm": -2.74119858780523E-003,
"Cn": 1.35525271560688E-018
},
"body_coordinates": {
"CX": -3.37408357522425E-003,
"CY": 2.77555756156289E-017,
"CZ": -4.99999999999941E-001,
"Cl": 1.38777878078145E-017,
"Cm": -2.74119858780523E-003,
"Cn": 1.35525271560688E-018
}
}
}
}
