{
"inviscid": {
"Main_right": {
"stability_coordinates": {
"CL": 2.49999999999971E-001,
"CD": 1.65452748514001E-003,
"CY": 1.67204632476754E-001,
"Cl": -6.38352470133671E-002,
"Cm": -1.44487435185463E-003,
"Cn": 2.97818148717503E-004
},
"body_coordinates": {
"CX": -1.65452748514001E-003,
"CY": 1.67204632476754E-001,
"CZ": -2.49999999999971E-001,
"Cl": -6.38352470133671E-002,
"Cm": -1.44487435185463E-003,
"Cn": 2.97818148717503E-004
}
},
"Main_left": {
"stability_coordinates": {
"CL": 2.49999999999971E-001,
"CD": 1.65452748514000E-003,
"CY": -1.67204632476754E-001,
"Cl": 6.38352470133671E-002,
"Cm": -1.44487435185462E-003,
"Cn": -2.97818148717501E-004
},
"body_coordinates": {
"CX": -1.65452748514000E-003,
"CY": -1.67204632476754E-001,
"CZ": -2.49999999999971E-001,
"Cl": 6.38352470133671E-002,
"Cm": -1.44487435185462E-003,
"Cn": -2.97818148717501E-004
}
},
"MyAirplane": {
"stability_coordinates": {
"CL": 4.99999999999943E-001,
"CD": 3.30905497028000E-003,
"CY": -5.55111512312578E-017,
"Cl": 1.38777878078145E-017,
"Cm": -2.88974870370924E-003,
"Cn": 1.24683249835833E-018
},
"body_coordinates": {
"CX": -3.30905497028000E-003,
"CY": -5.55111512312578E-017,
"CZ": -4.99999999999943E-001,
"Cl": 1.38777878078145E-017,
"Cm": -2.88974870370924E-003,
"Cn": 1.24683249835833E-018
}
}
},
"viscous": {
"Main_right": {
"stability_coordinates": {
"CL": -0.00000000000000E+000,
"CD": -0.00000000000000E+000,
"CY": 0.00000000000000E+000,
"Cl": 0.00000000000000E+000,
"Cm": 0.00000000000000E+000,
"Cn": 0.00000000000000E+000
},
"body_coordinates": {
"CX": 0.00000000000000E+000,
"CY": 0.00000000000000E+000,
"CZ": 0.00000000000000E+000,
"Cl": 0.00000000000000E+000,
"Cm": 0.00000000000000E+000,
"Cn": 0.00000000000000E+000
}
},
"Main_left": {
"stability_coordinates": {
"CL": -0.00000000000000E+000,
"CD": -0.00000000000000E+000,
"CY": 0.00000000000000E+000,
"Cl": 0.00000000000000E+000,
"Cm": 0.00000000000000E+000,
"Cn": 0.00000000000000E+000
},
"body_coordinates": {
"CX": 0.00000000000000E+000,
"CY": 0.00000000000000E+000,
"CZ": 0.00000000000000E+000,
"Cl": 0.00000000000000E+000,
"Cm": 0.00000000000000E+000,
"Cn": 0.00000000000000E+000
}
},
"MyAirplane": {
"stability_coordinates": {
"CL": -0.00000000000000E+000,
"CD": -0.00000000000000E+000,
"CY": 0.00000000000000E+000,
"Cl": 0.00000000000000E+000,
"Cm": 0.00000000000000E+000,
"Cn": 0.00000000000000E+000
},
"body_coordinates": {
"CX": 0.00000000000000E+000,
"CY": 0.00000000000000E+000,
"CZ": 0.00000000000000E+000,
"Cl": 0.00000000000000E+000,
"Cm": 0.00000000000000E+000,
"Cn": 0.00000000000000E+000
}
}
},
"total": {
"Main_right": {
"stability_coordinates": {
"CL": 2.49999999999971E-001,
"CD": 1.65452748514001E-003,
"CY": 1.67204632476754E-001,
"Cl": -6.38352470133671E-002,
"Cm": -1.44487435185463E-003,
"Cn": 2.97818148717503E-004
},
"body_coordinates": {
"CX": -1.65452748514001E-003,
"CY": 1.67204632476754E-001,
"CZ": -2.49999999999971E-001,
"Cl": -6.38352470133671E-002,
"Cm": -1.44487435185463E-003,
"Cn": 2.97818148717503E-004
}
},
"Main_left": {
"stability_coordinates": {
"CL": 2.49999999999971E-001,
"CD": 1.65452748514000E-003,
"CY": -1.67204632476754E-001,
"Cl": 6.38352470133671E-002,
"Cm": -1.44487435185462E-003,
"Cn": -2.97818148717501E-004
},
"body_coordinates": {
"CX": -1.65452748514000E-003,
"CY": -1.67204632476754E-001,
"CZ": -2.49999999999971E-001,
"Cl": 6.38352470133671E-002,
"Cm": -1.44487435185462E-003,
"Cn": -2.97818148717501E-004
}
},
"MyAirplane": {
"stability_coordinates": {
"CL": 4.99999999999943E-001,
"CD": 3.30905497028000E-003,
"CY": -5.55111512312578E-017,
"Cl": 1.38777878078145E-017,
"Cm": -2.88974870370924E-003,
"Cn": 1.24683249835833E-018
},
"body_coordinates": {
"CX": -3.30905497028000E-003,
"CY": -5.55111512312578E-017,
"CZ": -4.99999999999943E-001,
"Cl": 1.38777878078145E-017,
"Cm": -2.88974870370924E-003,
"Cn": 1.24683249835833E-018
}
}
}
}
