{
"inviscid": {
"Main_right": {
"stability_coordinates": {
"CL": -9.65752246533943E+000,
"CD": -7.28375669495761E+000,
"CY": -1.53881496433055E+001,
"Cl": 2.32276382799635E+000,
"Cm": 1.90143574405341E+000,
"Cn": -1.56152124727539E+000
},
"body_coordinates": {
"CX": 7.28375669495761E+000,
"CY": -1.53881496433055E+001,
"CZ": 9.65752246533943E+000,
"Cl": 2.32276382799635E+000,
"Cm": 1.90143574405341E+000,
"Cn": -1.56152124727539E+000
}
},
"Main_left": {
"stability_coordinates": {
"CL": -3.88057461302214E-001,
"CD": 3.18154158596410E+000,
"CY": -1.57099899560205E-001,
"Cl": -7.63251592914468E-002,
"Cm": -1.10914203527493E+000,
"Cn": -6.28043575985576E-001
},
"body_coordinates": {
"CX": -3.18154158596410E+000,
"CY": -1.57099899560205E-001,
"CZ": 3.88057461302214E-001,
"Cl": -7.63251592914468E-002,
"Cm": -1.10914203527493E+000,
"Cn": -6.28043575985576E-001
}
},
"MyAirplane": {
"stability_coordinates": {
"CL": -1.00455799266416E+001,
"CD": -4.10221510899351E+000,
"CY": -1.55452495428657E+001,
"Cl": 2.24643866870491E+000,
"Cm": 7.92293708778476E-001,
"Cn": -2.18956482326096E+000
},
"body_coordinates": {
"CX": 4.10221510899351E+000,
"CY": -1.55452495428657E+001,
"CZ": 1.00455799266416E+001,
"Cl": 2.24643866870491E+000,
"Cm": 7.92293708778476E-001,
"Cn": -2.18956482326096E+000
}
}
},
"viscous": {
"Main_right": {
"stability_coordinates": {
"CL": -0.00000000000000E+000,
"CD": -0.00000000000000E+000,
"CY": 0.00000000000000E+000,
"Cl": 0.00000000000000E+000,
"Cm": 0.00000000000000E+000,
"Cn": 0.00000000000000E+000
},
"body_coordinates": {
"CX": 0.00000000000000E+000,
"CY": 0.00000000000000E+000,
"CZ": 0.00000000000000E+000,
"Cl": 0.00000000000000E+000,
"Cm": 0.00000000000000E+000,
"Cn": 0.00000000000000E+000
}
},
"Main_left": {
"stability_coordinates": {
"CL": -0.00000000000000E+000,
"CD": -0.00000000000000E+000,
"CY": 0.00000000000000E+000,
"Cl": 0.00000000000000E+000,
"Cm": 0.00000000000000E+000,
"Cn": 0.00000000000000E+000
},
"body_coordinates": {
"CX": 0.00000000000000E+000,
"CY": 0.00000000000000E+000,
"CZ": 0.00000000000000E+000,
"Cl": 0.00000000000000E+000,
"Cm": 0.00000000000000E+000,
"Cn": 0.00000000000000E+000
}
},
"MyAirplane": {
"stability_coordinates": {
"CL": -0.00000000000000E+000,
"CD": -0.00000000000000E+000,
"CY": 0.00000000000000E+000,
"Cl": 0.00000000000000E+000,
"Cm": 0.00000000000000E+000,
"Cn": 0.00000000000000E+000
},
"body_coordinates": {
"CX": 0.00000000000000E+000,
"CY": 0.00000000000000E+000,
"CZ": 0.00000000000000E+000,
"Cl": 0.00000000000000E+000,
"Cm": 0.00000000000000E+000,
"Cn": 0.00000000000000E+000
}
}
},
"total": {
"Main_right": {
"stability_coordinates": {
"CL": -9.65752246533943E+000,
"CD": -7.28375669495761E+000,
"CY": -1.53881496433055E+001,
"Cl": 2.32276382799635E+000,
"Cm": 1.90143574405341E+000,
"Cn": -1.56152124727539E+000
},
"body_coordinates": {
"CX": 7.28375669495761E+000,
"CY": -1.53881496433055E+001,
"CZ": 9.65752246533943E+000,
"Cl": 2.32276382799635E+000,
"Cm": 1.90143574405341E+000,
"Cn": -1.56152124727539E+000
}
},
"Main_left": {
"stability_coordinates": {
"CL": -3.88057461302214E-001,
"CD": 3.18154158596410E+000,
"CY": -1.57099899560205E-001,
"Cl": -7.63251592914468E-002,
"Cm": -1.10914203527493E+000,
"Cn": -6.28043575985576E-001
},
"body_coordinates": {
"CX": -3.18154158596410E+000,
"CY": -1.57099899560205E-001,
"CZ": 3.88057461302214E-001,
"Cl": -7.63251592914468E-002,
"Cm": -1.10914203527493E+000,
"Cn": -6.28043575985576E-001
}
},
"MyAirplane": {
"stability_coordinates": {
"CL": -1.00455799266416E+001,
"CD": -4.10221510899351E+000,
"CY": -1.55452495428657E+001,
"Cl": 2.24643866870491E+000,
"Cm": 7.92293708778476E-001,
"Cn": -2.18956482326096E+000
},
"body_coordinates": {
"CX": 4.10221510899351E+000,
"CY": -1.55452495428657E+001,
"CZ": 1.00455799266416E+001,
"Cl": 2.24643866870491E+000,
"Cm": 7.92293708778476E-001,
"Cn": -2.18956482326096E+000
}
}
}
}
